id,contents,key word
hikaru77613, 沒差啦，都打3劑再來愛台灣啦，死了是不能愛台灣的,BioNTech
SLS530, 這公告就證實BNT沒辦法和中華民國交易只能民間對民間,BioNTech
MoDerF, Region ジ,BioNTech
amazgo, 817各種崩潰XDD,BioNTech
gekkou, 蟑螂有骨氣一點 發起拒打BNT啊,BioNTech
mardrea, 臺灣地區......,BioNTech
gtcb, 徐世榮表示,BioNTech
pinhanpaul, 那些說中國加料的側翼可以去死了,BioNTech
s655131, 中共同路人 沒有台灣價值,BioNTech
TaiwanUp, 如果不是中國惡意代理 早就到貨這批產地直送 要注意有無中國特務,BioNTech
asgardgogo, 上海復興？817綠共要心臟病發了,BioNTech
TaiwanUp, 避免被加料,BioNTech
cosmite, 如果還有人再提繞過上海就是智障,BioNTech
SamsungNote9, 中國復星在2020年3月就跟BNT布局了那時候的CDC在幹嗎？,BioNTech
CityRanger, 真的是硬要ㄝ,BioNTech
TaiwanUp, 不會心臟病發阿 哪會 是美德疫苗直送,BioNTech
vwpassat, 舔支德仔的話能信？,BioNTech
polestar0505, 人家花大錢買代理權 反觀,BioNTech
vaiking0120, 台灣政府2020三月在幹嘛 還好意思講超前部署,BioNTech
TaiwanUp, 上海復星代理來也不知道幹嘛用這才好笑,BioNTech
laroserose, 噁，有夠虛假,BioNTech
vaca01, 一堆蟑螂這麼晚還在上班,BioNTech
TaiwanUp, 中國整天戰狼外交 結果代理美德疫苗,BioNTech
talrasha, 網紅牙醫：...........,BioNTech
sawadiga, 子公司差別在哪裡,BioNTech
vaca01, 中共擋是不會買莫德納喔 自己有問題 工三,BioNTech
cute2611, 本來我們就是要英文原包裝的BNT,BioNTech
vaca01, 洨,BioNTech
TaiwanUp, 理論上中國應賠償全世界防疫費用,BioNTech
h007enry, 終於超前部署了 結果是民間,BioNTech
vaca01, 台灣自己造成的人禍 要不要賠給人民,BioNTech
johnhmj,                  台德友好簡直是個笑話,BioNTech
TaiwanUp, 要多買莫德納次世代疫苗了,BioNTech
polestar0505, 民進黨快要求中國賠償 不賠斷晶片啊 笑你他媽不敢啦操俗辣,BioNTech
TaiwanUp, 哪裡人禍?,BioNTech
talrasha, 他說「上海復興來的我也不敢打….中國人最常見就是不老實，這一批進來，到底,BioNTech
laihom0808, 最後還不是沒跳過代理商,BioNTech
talrasha, 是真的疫苗、假的疫苗？是效期內還是過期，是不是真正輝瑞的疫苗？」,BioNTech
TaiwanUp, 產地直送的確就比較安全 謝謝BNT,BioNTech
vaca01, 民進黨也真夠蠢 還帶企業買BNT 不怕第二劑被斷就是了,BioNTech
talrasha, 反正有人在FB洗腦洗認知  好可怕,BioNTech
TaiwanUp, 中國真的不要再阻撓就好,BioNTech
kps1247, 某教授表示 那是中國製,BioNTech
vaca01, 怕中國阻擾 幹嘛不換莫德納？自己有問題,BioNTech
TaiwanUp, 台德友好 齊心對抗病毒 世界加油！要多買莫德納次世代了 你去做功課,BioNTech
gibbs1286, 德國政府：別再說我屈服於中國壓力,BioNTech
vaca01, 別鬧了 你現在就該換莫德納 交叉打效果不好德國那麼機車 還堅持跟他買 不是自己蠢嗎,BioNTech
chenlala, 次世代等簽了約再說吧被政府騙一年多了,BioNTech
TaiwanUp, 1000萬劑足夠500萬人打兩劑,BioNTech
vaca01, 之後Delta需要第三劑怎麼辦？ 再卡一次？,BioNTech
fakeimage, 有買到歐洲製的就好 最後兩段不理它,BioNTech
TaiwanUp, 中國不要惡意代理 德國那會這樣,BioNTech
polestar0505, 台德哪裡友好 真友好就繞過乞到惹,BioNTech
kkiiccooo, 美日德 就德國最愛扯台灣後腿啦,BioNTech
TaiwanUp, 那就333萬人打3劑,BioNTech
polestar0505, 說人惡意代理 啊當初不會先代理？,BioNTech
chenlala, 原來正當投資簽代理是惡意代理XD,BioNTech
TaiwanUp, 中國看到民主同盟 自然還會跳腳,BioNTech
polestar0505, 疫苗廠找人合資 台灣在can help,BioNTech
vaca01, 德國在中國利益多龐大不知道嗎？還寄望台德友好的人就是蠢,BioNTech
polestar0505, 綠腦粉來點正常的吧,BioNTech
TaiwanUp, 先代理怎麼不代理日本 代理到台灣,BioNTech
vaca01, 直接幫莫德納代工 反擊BNT才是正確作法,BioNTech
qoo53895, 噁心，已讀不回三小，還不是為了晶片,BioNTech
vaca01, 德國就故意的啊 雙B在中國賺多少錢,BioNTech
polestar0505, 說代理的 支那就敵對國把你當領土,BioNTech
qoo53895, 2020三月在幹嘛？收拾中國拉的屎啊，那麼早買疫苗你以為國民黨吃素啊？,BioNTech
dawson0130, BNT把台灣納入中國區 才是天大的笑話搞得台灣買BNT彎來彎去,BioNTech
vaca01, 別騙了 喬利益才是真的 高端漲成那樣,BioNTech
polestar0505, 所以拉不下臉買 黨的臉比人命重要,BioNTech
dawson0130, 麼不能針對莫德納AZ就好,BioNTech
qoo53895, 疫情期間相關概念股的股票漲價本來就是必然，去年口罩廠跟今年航運也都是炒股嗎？,BioNTech
ifyoutry, 啊不然咧？中國企業去談中國區代理時排,BioNTech
dawson0130, 還在高端 當初不給進 為了高端利益現在進了 還在高端 鄉民很難懂,BioNTech
vaca01, 民進黨自己解釋一下 為什麼採購價貴郭董1億美金,BioNTech
TaiwanUp, 中國是反人類國家 凡事小心就對了,BioNTech
ifyoutry, 除台灣他還能活嗎？,BioNTech
vaca01, 雞巴毛 你是蟑螂吧 還中國 民進黨自己有問題吧,BioNTech
dawson0130, 那叫你爬去簽 降低國格 你能簽？,BioNTech
TaiwanUp, 輝瑞產量出來了 自然便宜誰是蟑螂?,BioNTech
vaca01, 林全買到3000萬劑時候 是說只能買200萬劑沒提到什麼國格 搞清楚,BioNTech
dawson0130, BNT搞到中國市場吃不到 還讓台灣么八吵 活該 死好,BioNTech
initialdark, 不然他回說 很不高興嗎 笑死,BioNTech
TaiwanUp, 雞巴毛是罵誰?,BioNTech
polestar0505, 誰答腔就罵誰囉,BioNTech
TaiwanUp, 那應該不是我,BioNTech
SamsungNote9, 奇怪了，管國民黨幹嘛，綠共不是最,BioNTech
dawson0130, 拜託 去年 9月BNT進三期 你能保證有用？ 下單3000萬劑？ 你去賭場會這樣玩,BioNTech
SamsungNote9, 愛炫耀超前部屬，如果2020年三月已,BioNTech
junglecity, 德國那個嘴臉,BioNTech
SamsungNote9, 經下注任何一支疫苗成功，國民黨只,BioNTech
TaiwanUp, 應該拉 反正紀錄都保留,BioNTech
SamsungNote9, 會被打到媽媽都認不出來，拿國民黨,BioNTech
redsaizu, 笑死人，還在扯代理。當初BNT也有找台灣投資啊。只是大頭症的蔡政府拒絕了,BioNTech
SamsungNote9, 當藉口不覺得是笑話嗎？事後證明早點投資疫苗是正確的，不,BioNTech
oxlittle, 地區XD,BioNTech
SamsungNote9, 就是超前部屬嗎？,BioNTech
dawson0130, 你如果早點投資陽明 你也早發達了 這種 如果...就.. 沒意義,BioNTech
SamsungNote9, 拿國民黨會反對當藉口，純粹狗屁。,BioNTech
Homedoni, 隨便啦 被中共吃主權豆腐也不是第一天了,BioNTech
SamsungNote9, 拿超前部屬說嘴的不是我啊XDDDDDDDD,BioNTech
Homedoni, 戰機不要亂飛你要叫台灣什麼名字我都隨便,BioNTech
SamsungNote9, 是綠共跟側翼啊，過去2020炫耀了一,BioNTech
yuben85113, 唉被吃豆腐習慣了真的很悲哀,BioNTech
SamsungNote9, 整年的超前部屬，現在反而不超前了，怪國民黨會擋？？？,BioNTech
dawson0130, 你不要否定台灣1年半的防守 這不是偶然 但你可以罵DPP愛亂收割,BioNTech
SamsungNote9, 我沒有否定，你別亂戴帽子。我指出的事實是2020年3月上海復星部屬疫苗了，反而台灣卻等到有效疫苗名單出爐才準備採購，哈囉，掛號排隊去吧！,BioNTech
polestar0505, 領人民的錢在那邊大頭症 狗官哪,BioNTech
SamsungNote9, 然後上海復星是BNT的股東兼代理商，不跟上海復星買是想怎樣？,BioNTech
ultraccs, 大中華區代理權範圍就是這樣  有種就買莫得納 就沒這種問題了,BioNTech
yen5060, 台積電有出來嘴東嘴西？ 你又是什麼咖,BioNTech
dawson0130, 2020三月部屬疫苗 那時中國那麼嚴重你跟他說 吃屎會好他都吃 疫苗那時都還沒看到鬼 你要部署什麼 又在時空之術了0.7%的股權 把台灣就劃進去大中華區BNT估計也沒想到這事 但台灣倒大楣,BioNTech
polestar0505, 所以我們的狗官跟綠粉一樣沒遠見,BioNTech
zo789652, 超前 呵呵,BioNTech
SamsungNote9, 2020年三月太早，四月呢？五月呢？,BioNTech
dawson0130, 官僚體系使然 看看這次微解封 你就知道全台灣一樣 怕當出頭鳥,BioNTech
SamsungNote9, BNT沒想到的是居然有人可以跟代理買卻選擇不買吧zzzzzz,BioNTech
dawson0130, 沒國家授權 你看BNT賣不賣,BioNTech
SamsungNote9, 下單個200萬劑叫做認真想買？,BioNTech
polestar0505, 老實說 綠共覺得委屈可以不准不要准了又在攬功 妓女都沒這麼賤,BioNTech
chiaofan, 蟑螂就是蟑螂,BioNTech
bobosheep, 政府殺人 垃圾側翼,BioNTech
OAVAYAVAO, 每一篇都要提到授權 好啦 幹,BioNTech
vaca01, 蟑螂也太多了 垃圾側翼我就問 為什麼以色列 新加坡這種人口比我們少的國家能先買到疫苗?蟑螂不要再說中國擋了 因為光頭原本要透過林全跟上海買200萬劑,BioNTech
taco20, 整天想繞過代理商，腦子長綠黴喔,BioNTech
GianniC, 你有眼光早點砸錢投資  總代理你也拿的到人家有錢買總代理也不行  真的很丟臉,BioNTech
tatlacz, 蟑螂吃到蟑螂藥大崩潰了,BioNTech
Kaids, 1000萬就可以發新聞稿…當初如果買3000萬BNT應該更開心…,BioNTech
dawson0130, 還在以色列 去看看BNT要求以色列要做什麼 買多少 價格多少 有人功課都不做 就那邊放槍,BioNTech
cat77133, 去年國民黨就叫你正當商業行為找代理了，唬爛誰擋民進黨自己擋的。誰跟你講產能出來了,BioNTech
ksxo, 標題和內文不符XD,BioNTech
vaca01, 所以現在加上紓困 你花了多少錢? 會不會算帳?蟑螂真噁心 這種屁股都擦,BioNTech
yoshilin, 何時說不高興才是新聞吧？,BioNTech
vaca01, 還有臉提價格 為什麼政府採購貴郭董1億美金? 噁心蟑螂來擦一下這屁股我看看,BioNTech
eric6616, 大部份人都高興 不過有人還是會不高興,BioNTech
edman008ptt, 去年的確3000劑被質疑 但你開個兩200…是不是當人87,BioNTech
Kaids, 根據衛服部說法200萬就已讀不回，這應該不能說是開心吧？,BioNTech
ntp976516, 垃圾民進黨,BioNTech
lucien0410, 還是要上海復興點頭啊 之前誰卡的 很,BioNTech
eetie, 想到去年德國官員支支吾吾的樣子，反正$$,BioNTech
rebeliao, 喜歡中國就去 不要一直杵在台灣拉屎,BioNTech
kkrico, 有綠共 會戴帽,BioNTech
savishu, 花大錢?為何不代理新加坡?越南?等等,BioNTech
reality6699, 幹你娘的中屬德意志殖民地,BioNTech
savishu, 為何只代理台灣、香港、澳門、中國大陸因為大中華的英文叫Great China,BioNTech
a5178934, 內文是上海復星與BNT XD,BioNTech
zelkova, 200萬劑被已讀不回很正常吧 訂單太小了QQ,BioNTech
allan0926, 製造衝突的不就是德國疫苗？其他家有這樣嗎？,BioNTech
hy23, 某個正大教授表示： 幹 大內宣失敗,BioNTech
eemail, 德跟中經濟上蠻麻吉的 給中代理大中華其實合理 台灣本來就沒什國際地位 一堆人不要認為台GG晶片無敵就莫明認為我們國際地位突然提高很多 只是能見度提高 真有的收益及跟其他國的交流還早呢= =老是在那邊日韓新加坡都做得到什麼 我們怎做不到= = 你平常國際什的又沒出席 新來的卻想排前面 一堆人不知在想什把個人平常能出國玩莫名投射成國家很國際化 這根本兩碼子事,BioNTech
chuantzu, 不管怎麼說台灣又被中國吃豆腐還是有點不爽,BioNTech
JingJing00, 一堆人不知道估狗微軟fb蘋果大中華區也包台灣,BioNTech
fjucharlie, 腦一綠 智慧堪慮,BioNTech
austar, 中國別阻擾,BioNTech
richjf, 側翼：根本沒大中華地區!是小英反殺了，台灣贏了。,BioNTech
wario2014," ""台灣地區人""好了喇，不要太不滿",BioNTech
tomjanyan, 台灣的疫苗幾乎都是政府不用出錢的，民進黨真的噁心,BioNTech
Hirsch, 會這麼麻煩的原因就是復星把台灣列為中國的一部分這在外交上政府不可能接受但說實在的政府也能去買更多其他家就真的是當初太小看變種病毒,BioNTech
libur, 上面再講幹話嗎？台灣不出席國際？林老師勒垃圾支那國在那邊各種阻擋，你他媽面對國一次就知道。幹你馬的垃圾支那賤畜做垃圾事，好意思護航。操,BioNTech
samwu995, 打臉騙神跟時鐘,BioNTech
novus, 拿代理等於拿主權？我老闆品牌拿到大中華地區代理=我老闆統治中國了,BioNTech
fanfan0113, 啪啪響亮歐洲製造的啦 誰說是汁那貨,BioNTech
haydenhhh, 二戰完，大家對德國太仁慈,BioNTech
wondtty, 台灣地區  地區而已啦,BioNTech
ufjt0513, 我有看錯嗎？Bnt疫苗是上海復星跟bnt合作開發？,BioNTech
WTF5068, 為什麼企業買得到，政府買不到？然後企業買到了，說是政府大力支持，雞吧毛不要臉到極點,BioNTech
askey, 民進黨國會過半除非佔領立法院有啥過不了的,BioNTech
HLE0324, 我覺得為避免有心人士操作 CDC高官因親自24小時盯生產藥劑 並親自押送回台 以確保藥劑安全有效性,BioNTech
modernpkman, 整天豆腐吃不停。,BioNTech
zingy, 謝謝德國，也謝謝代理商。,BioNTech
cpkjacky, 上海復星兼任國台辦發言人當然是商業行為,BioNTech
henn, 側翼手臂已經準備好囉,BioNTech
luludream, 反正輪不到我,BioNTech
donoh183, 側翼手臂記得留給高端！國產愛你們,BioNTech
kuo0528, 總有鐵粉喜歡抹黑造謠 煩死了,BioNTech
gaygay5566, 對大中華區有意見就摔爛蘋果手機阿,BioNTech
snobbish, 我們覺青堅決不打講台灣地區的公司,BioNTech
FireAce1986, 我想知道如果他們知道台灣有很多民意代表跟側翼人士在抹黑他們，會不會提告？,BioNTech
tengfan, 到中國再來台灣的，柯粉也不敢打吧...,BioNTech
asan0917, 推文裡還有人在說小心添加，說加料就加料你以為買珍珠奶茶呀，到現在還相信這種話的人真的智商偏低,BioNTech
rayonwu, 五毛崩潰,BioNTech
iamsandyliu, 德國左派白痴！讓放毒出來的拿別人的購買權,BioNTech
wmtsung, 中華民國表示：台灣地區有啥問題？不然你是選哪國總統與立委？,BioNTech
steven24205, 推,BioNTech
wmtsung, 完全執政不敢獨立只想用中華民國體制就別在那邊靠北什麼地區來當提款機好嗎總統兼任高端發言人都沒問題了不是嗎,BioNTech
GUMIGUMI, 提加料的根本智障，是不是軟Q看太多,BioNTech
eeccms, 資進蟑螂黨：,BioNTech
hjkkk123, 睜眼說瞎話的舔共德國怕未來沒台灣晶片的雙B在美國特斯拉面前跟智障廢鐵一樣才心不甘情不願的在那邊喊願意合作，幹,BioNTech
sara09052, 謝大使2050年3月在幹嗎,BioNTech
godzillabox, 純粹就是民進黨跟綠蟑螂的中國情結包袱而已，笑死又不是在中國生產的東西是在卡什麼帶風向的綠蟑們，死了那七百人你們也有責任,BioNTech
rainsnow, $_$感到高興,BioNTech
space20021, 推,BioNTech
PHXD, 腦粉苦暈在廁所，黨側翼說中國貨 哭哭唷,BioNTech
missin, 沒有加中國台灣，我覺得ok,BioNTech
jiayuan, 為什麼寫出上海復興 憑什麼,BioNTech
jboy, 高興這次沒有人檔了,BioNTech
tnssh211448 , 台灣地區,BioNTech
LoveMakeLove, Danke,BioNTech
kenro, 沒關係啦，有疫苗就好,BioNTech
wcheng19, 政府不投資，別人投資只能找人家代理啊,BioNTech
thebestone, 徐世榮教授XD,BioNTech
NEWOLD, 你知道輝瑞今年的單已經排到後年交貨了嗎,BioNTech
n88713117, 內文講的諾瓦瓦克斯，也早就知道有開發,BioNTech
zmimoboy, 你知道我們自己放棄多少跟疫苗接觸的機會嗎，自己不預算中國打壓自己不預算疫情爆發，超前部署什麼？,BioNTech
n88713117, 就是溢價買，沒辦法,BioNTech
Xaymaca, 你觀念有點小錯誤武漢肺炎成為經常性致命疾病需要國產疫苗  誰跟你還2年後3年後這種就菜逼巴  中國文化的馬後炮觀念你看中國疫苗  再爛  都要趕快做出來用偷的  都要偷技術偷回來  有沒有?,BioNTech
n88713117, 日韓決策都是先代工後國產代工超額利潤就少,BioNTech
ESL63, 講得要買就買得到似的,BioNTech
jim543000, 變種這麼多 當然就是用輝瑞或莫德納效力比較高阿zz你有先去看過novavax對各變種效力多少嗎？觀念真的是菜到不行 能一次做好偏要重工 吃飽太閒？,BioNTech
max1019, 台灣生技製藥技術都不差如果可以協助有能力的廠商簽授權代工 再弄個疫苗國家隊應該是目前最佳解依然持續找現貨獲捐贈 國產繼續研發,BioNTech
Xaymaca, 反正你能做 就趕快做  這很難??????????啊如果你覺得你做不到   結果被你做出來請問這件事是很難還是很簡單??????????,BioNTech
ivanos, Novavax也是蛋白疫苗，不過應該比國產靠譜只少都核准也都開始施打了,BioNTech
Xaymaca, 方法很多種啦   還有一堆明年才有人想到那我問你   我今年先想到  先開始做行不行???????????????????,BioNTech
jim543000, 反正你認為做出爛貨 大家打了有點效用就好那也行 我可以跟你說疫苗重複施打有很高機會無法產生抗原的 打了爛貨遇上變種就乖乖等死,BioNTech
CCTraveler, 還在帶風向？,BioNTech
likeyousmile, 全世界每天幾千人在死的國家還這麼多，台灣沒啥籌碼談。疫苗不是有錢就能買。,BioNTech
wewants, 9.24%內奸仔 配合中共刃支作戰,BioNTech
leecliff, 淺顯易懂的事實 一堆蟑螂悲憤 笑死,BioNTech
showingstar, 已經有這麼多買不到的證據，醒醒別裝睡,BioNTech
Nexpring, 消極作為害死一堆人,BioNTech
ssisters, bnt事件就是個照妖鏡 照出在政府眼中韭菜的命有多麼不值錢,BioNTech
ChoiceH, Novavax和高端ㄧ樣用的是蛋白質次單位疫苗，目前數據看起來效果不錯Novavax沒有和中國沾上邊，政府應該不會擋，就不知道人家賣不賣,BioNTech
Ceferino, 你自己說疫苗開發緊急授權可以撈，那台灣劇本很清楚了結論還下要買外國疫苗？,BioNTech
chiaofan, 推,BioNTech
CYL009, 所以你是要三小掛?,BioNTech
chiaofan, 德裔土耳其人,BioNTech
mikemagic88, 讚 留言 分享,BioNTech
Hecarim, 開始造神了,BioNTech
farnorth, 土耳其人都長得很好看,BioNTech
dbdudsorj, 八卦現在倒退成這樣？？,BioNTech
AustinRivers, 不像台灣人  太笨了  不會炒房炒股nan,BioNTech
HyperPoro, 跟天下那種造神雜誌文章差不多,BioNTech
farnorth, 結婚當天都還到實驗室工作，好認真,BioNTech
potionx, 看成圖勒  想說明明有圖啊,BioNTech
Jeff911, 我以為要做成台灣啟示錄了,BioNTech
wfsh30918, BBC跟做出最強疫苗的人都可以嫌,BioNTech
xiemark, 有沒有台灣高端疫苗創始人的故事？,BioNTech
wfsh30918, 有啊.跌停19根外國哪比得上臺灣,BioNTech
koyo167, 還好德國沒有蔡英文  不然鐵定完蛋,BioNTech
ssdle, 我乍看以為是豆豆先生研發的,BioNTech
bluebluelan, 別人想被你買了媽,BioNTech
jwph, 新加坡表示,BioNTech
lesnaree2, 輪得到你,BioNTech
dtes50608100, 怎麼不乾脆買下美國,BioNTech
nowitzki0207, 買下共產黨好了,BioNTech
loserloser, 買這種公司光是審就不知道審多久= =,BioNTech
t0kyohot, 中國直接把台積電買下來也能解決晶片問,BioNTech
TISH12311, 買下DPP應該比較便宜,BioNTech
HarryHTC, 買下退步擋比較便宜~~,BioNTech
icome, 美國政府會介入,BioNTech
Mazda6680, 你這個邏輯直接去劫機疫苗不是更快,BioNTech
woulin, 以前紫光集團高喊要併購台積電,BioNTech
traman, 郭董又不是布魯斯韋恩,BioNTech
Daz2005i, 好聰明喔 中共怎麼不把台積電買下來,BioNTech
ccyaztfe, 你以為買的下來？,BioNTech
svd237, 蘭德爾？,BioNTech
william0916, 你要不要直接買火箭 飛去火星,BioNTech
ivanos, 別忘了BNT其中一個大股東是中國復星,BioNTech
supisces, 人家去年有來問要不要投資，中央不肯。,BioNTech
leecliff, 真的在買菜了,BioNTech
Yahweh, BNT 現在市值 490億美金 買吧你就去公開市場瘋狂買進他的股票,BioNTech
ouabain, 跟小粉紅一樣有得天獨厚的智慧,BioNTech
lain2002, 郭董的錢不夠,BioNTech
cltang, 不如跟復星談把台灣區代理權買回較可能?,BioNTech
tropotato, 厲害了我的黨,BioNTech
jimrex12025, 少了最後一句 要看抹黑的是誰,BioNTech
NaaL, 之前那些抹黑的，還說別人又蠢又壞的，現在還是裝沒事啊……,BioNTech
iyok, 抹黑台灣防疫人員小粉紅最會,BioNTech
x7834210, https//i.imgur.com/ePu4ceg.jpg,BioNTech
wayc, 媽的連300萬都雙標,BioNTech
iamtendollar,  https//i.imgur.com/pVeApbr.jpg,BioNTech
sincsnow, 別怪他們了，他們的腦子是綠色的跟一般正常人的腦子不一樣,BioNTech
show282, 智缺到我以為台灣最近在傳染腦炎病毒,BioNTech
KiroKu, google一堆國外新聞在介紹疫苗,BioNTech
chosenone, 其實人家根本沒在理台灣這群瘋子。,BioNTech
gameguy, 送件啊，復興搞什？,BioNTech
Dia149, 淡水他是上海的啊不然為什麼不能直接跟原廠買啊,BioNTech
mile45678, 沒差 政府疫苗夠多 不差BNT,BioNTech
ccachen, 再抹黑BNT 小心輝瑞把藍色小丸斷貨不賣台灣XD,BioNTech
Mytsb2421, 民進黨一堆造謠的立委，先罰300萬啦,BioNTech
iamtendollar,  https//i.imgur.com/Ko2rZ95.jpg,BioNTech
pounil, 資進黨只會操弄反中 其他沒料,BioNTech
knives, 又變成是歐盟的鍋了,BioNTech
show282, 價錢是莫德納一半，當然被訂爆,BioNTech
AlHorford15, 所以你打哪隻 大陸同胞==？,BioNTech
likeilike, 你編劇喔,BioNTech
tiawiare, 你是不是不信黨,BioNTech
su4vu6, 好糟糕喔 簽約後沒貨,BioNTech
sted0101, 苦無,BioNTech
iamtendollar, 政府自己選擇不投資 投資者優先分配很正常,BioNTech
gn1384181, 假新聞謠言都是綠畜蟑螂網軍自產自銷的,BioNTech
farseer7, 作業自己做,BioNTech
douge, 你檢舉有屁用 叫他們造謠的層級更高,BioNTech
philip2364, 黨只會懲罰人民，不會抓自己人，懂？,BioNTech
douge, 立委跟官員都加入造謠了 你覺得 誰指使的?,BioNTech
ImBBCALL, 林穎孟死抓著契約書上有同意中國分裝,BioNTech
radi035, 你敢檢舉小心自己被約談...勇者保重,BioNTech
ImBBCALL, 結果中國工廠還沒蓋也死不認,BioNTech
Superxixai, 大蟑螂假面甜心背骨仔林穎孟啊,BioNTech
omanorboyo, 造謠層級到執政黨立委 誰敢罰?,BioNTech
douge, 疾管家對於連日BNT造謠一個澄清都沒有今天還有莫德那沒三級就使用的新聞,BioNTech
kutkin, https//i.imgur.com/3OfBnID.jpg,BioNTech
aGooDie, 不好意思，只有“熱心民眾”檢舉才有效歐。,BioNTech
kutkin, 你去問4.1祥祥為什麼這樣說他為什麼會說復星是中國製那些立委得到的資訊都從這篇開始的,BioNTech
netboy789, 無聊，郭董都買不到，知道那麼多幹嘛造謠國外的事務，要找原廠來,BioNTech
ai2311, 王定宇,BioNTech
kutkin, 所以不論祥祥是不清楚還是刻意他4.1那樣說都讓人誤會,BioNTech
fix78, 他們沒差啊，300萬罰了也是回自己口袋,BioNTech
tomjanyan, 就說民進黨就是詐騙集團,BioNTech
iamtendollar,  https//i.imgur.com/jA6Menh.jpg,BioNTech
cmq29, 去板橋版 你就可以抓到好多隻 都已是重災了,BioNTech
nakayamayyt, 一大堆 三粒主持人照樣說復必泰疫苗,BioNTech
PeterHenson, 丟臉丟到國外去了,BioNTech
douge, 政府官員 立法委員帶頭造謠 不用罰的,BioNTech
svd237, 「先申請再說好嗎」,BioNTech
kevin0733, 散布假消息的立委議員 什麼時候要罰,BioNTech
snchou, 這個才是要澄清的，即使不想買,BioNTech
holyhelm, 德國人應該會覺得遠方島國很智障,BioNTech
gay7788, 最後一段有味道,BioNTech
ComeThrough, 罰300萬啦 不敢罰我一輩子瞧不起dpp,BioNTech
O928, 快點把造謠仔都抓起來罰款，尤其是南投那個,BioNTech
Ahhhhaaaa, 那些造謠是中國製的 有種就不要打,BioNTech
douge, 疾管家更是一個澄清消息都沒有,BioNTech
holyhelm, 都講過幾次了  不爽不要買,BioNTech
frank00427, 之前造謠的要不要通通抓出來罰300萬？,BioNTech
RRADA, 中國製的，不是會讓藍腦更想打嗎?,BioNTech
kutkin, https//i.imgur.com/uOU8NLT.jpg,BioNTech
waijr, 綠營民代造謠 一人三百萬 尤其王胖子,BioNTech
zong780405, 造謠的人 不罰300萬了嗎？ 無能無恥,BioNTech
YLTYY, 可憐哪,BioNTech
zong780405, 民進黨,BioNTech
A80211ab, BNT應該覺得台灣很煩,BioNTech
LevisVintage, 德國都澄清了 到底是誰說是中國製,BioNTech
waijr, 自己造謠還恐嚇網友 垃圾一個,BioNTech
ak5618, 德國製有比較厲害嗎？真以為BNT沒副作用,BioNTech
a5413eric, 300w,BioNTech
douge, 丟臉丟到國際  從沒看到有人從政不要臉,BioNTech
gooding, 300萬快罰,BioNTech
ak5618, ？要打BNT這種醫療廢棄物不如在家睡覺,BioNTech
douge, 成這樣,BioNTech
AustinRivers, 真的超無言,BioNTech
sobiNOva, 綠畜造謠成性 到底他媽的要不要抓,BioNTech
a5413eric, 挺綠的真的感到丟臉 好羞恥,BioNTech
danic, 去你媽的民進黨 整天在騙 愛你媽死全家,BioNTech
JT0624, 只有智障才會相信民進黨造謠,BioNTech
Superxixai, 林穎孟造謠仔出來啊,BioNTech
hydra6716, 阿深圳就還沒有廠 最快也要7月,BioNTech
joanne0532, 他們會不會覺得很煩啊，國家內互鬥搞,BioNTech
qwe30812, 德國製沒比較厲害 但是覺得屌打國產,BioNTech
brume1026, 綠共還是看不懂啦,BioNTech
hydra6716, 這全世界都知道 就他媽綠共側翼不知道,BioNTech
realmd, 重點，中國2021會有 1億劑,BioNTech
ballby, 反正這樣搞 全世界都知道你蔡政府的惡名,BioNTech
TINBING, 最後一段是指歐盟打壓嗎??哈哈哈~,BioNTech
mysterydream, 難怪輝瑞連鳥都不鳥你 狂抹黑,BioNTech
johnhmj, 記者親自詢問的答案「德國製造」,BioNTech
coeXist, 這次再不罰300萬 那DPP每天講的都變兒戲,BioNTech
dkfs789, 要出征BNT了嗎,BioNTech
tzcoba01, 再次丟臉國際 幹,BioNTech
itachi0609, 丟臉死了,BioNTech
tmacor1, 丟臉,BioNTech
Padfoneman, 要不要抓喇 拜託只抓異己是老KMT喔?,BioNTech
t7556281, 綠共民代別在丟臉了整天做些偷雞摸狗之,BioNTech
nutrino, 人不要臉天下無敵,BioNTech
Mraofrot, 官員帶頭造謠是三小,BioNTech
LABOYS, 罰責都說說而已，政府官員，民意代表公然,BioNTech
rq654, 最後一段 好像懂了什麼,BioNTech
baiya, 這就會澄清 對時中講的 不回應 哈,BioNTech
LABOYS, 造假，然後都裝做沒發生,BioNTech
kilakit, 側翼：不管啦 中國疫苗(蓋章),BioNTech
realmd, 1億的扣達，郭董幫幫忙去買點回來,BioNTech
god2, 中國分裝啊不然咧,BioNTech
camby909, 疾管家只關注 追蹤人數低於50以下的人,BioNTech
nggfn, 我要是原廠就不想賣了，管你是跟代理還是,BioNTech
yellowhow, 阿球證裁判都他家人阿,BioNTech
douge, 這個造謠不處罰 政府就沒有正當性罰別人,BioNTech
nowitzki0207, 真的不知道一堆亂講的在想啥,BioNTech
nggfn, 原廠接洽……,BioNTech
BaRanKa, 世界頂尖疫苗廠對不起 本島低能抹黑你們,BioNTech
cs09312, 幹你娘綠共真的是丟臉丟到國際 廢物,BioNTech
konnoyuuki, 立委罰300萬,BioNTech
alex5566, 300萬通通罰起來~,BioNTech
willy0526, 哈哈 搞毛原廠了,BioNTech
a060146252, 丟臉阿這些人,BioNTech
mobyshin, 蠢官,BioNTech
Halu5566, 之前做夢的那些人呢 要不要出來講,BioNTech
DOOT, 看好了世界 造謠島造到國外疫苗廠澄清,BioNTech
mirce, 造謠的300萬罰單怎不開出來 嗆你民進黨沒懶,BioNTech
waijr, 民進黨一定會當什麼事都沒發生,BioNTech
james80351, 蠢吱跟小粉紅一樣 丟臉丟掉國外zzz,BioNTech
ga34122, 說BNT是中國疫苗的該罰了吧,BioNTech
Ceferino, 有台灣價值的就不是假消息,BioNTech
yellowhow, DPP裝死不弄藥證，郭董買了就是走私,BioNTech
godpiger5566, 林靜儀 開始妳的表演,BioNTech
Wills09, 那個什麼王什麼的焦什麼的300萬不用罰嗎,BioNTech
huiyajudy, 蔡培慧造謠罰了沒,BioNTech
warren0701, 丟臉丟到國外,BioNTech
coeXist, 這種的不罰 擺明DPP就是在拿這個壓人民,BioNTech
wds824, 奇怪了，怎麼這時候疾管家都沒有出來澄清,BioNTech
alex5566, 立委最有資源可以查~還講假話更該罰,BioNTech
waijr, 無恥成性,BioNTech
mirce, 趴 蔡英文政府小孬孬 蘇光頭邪魔外道,BioNTech
Hazelburn, 看好了世界 我們政府帶頭抹紅藥廠,BioNTech
louiswei1986, 300萬罰起來，狗政府不敢,BioNTech
davideason, diu臉,BioNTech
BaRanKa, 你們在商言商 心存慈悲賣賣小島D黨好嗎,BioNTech
wds824, 假消息啊？,BioNTech
yellowhow, 不然一堆企業都買了吧，疫苗跟疫情損失,BioNTech
LoliCar, 之前抹中國製的要不要罰300萬,BioNTech
cuteboy814, 之前多少人公開黑掉這疫苗該罰了吧？,BioNTech
spotmay, 這個政府帶頭造謠 可悲,BioNTech
ilw4e, 綠共黨要罰幾個300萬了,BioNTech
douge, 輝瑞也是美國公司 台灣這樣惡意中傷別人,BioNTech
radi035, 疾管家有沒有把每個造謠的側翼都罰過一輪,BioNTech
rondox, 裝神弄鬼做賊喊抓賊，造謠搞認知作戰的就,BioNTech
yellowhow, 比起來，疫苗他馬的便宜太多太多了,BioNTech
KANGTA23, 黨是你這德國公司可以打臉的嗎？,BioNTech
sekai, 有要罰三百萬了嗎,BioNTech
douge, 商譽真的是不要臉至極,BioNTech
holyseraph, 原來中國有一億劑  郭董快買一千萬劑,BioNTech
rondox, 是黨,BioNTech
james80351, 還好莊沒跟那些民代名嘴一起墮落,BioNTech
coeXist, 紙包不住火 DPP永遠要騙到火燒起來之後,BioNTech
zxcfluter, 行政院的那個，要不要罰三百萬啊？,BioNTech
LonzoBall2, 炒作反中這種程度真的不知道該說什麼,BioNTech
dtdon1699, 蟑螂喜歡吃屎 盡量打國慘,BioNTech
followwar, BNT大概覺得什麼時候了還在搞政治,BioNTech
Makubex82, 民進黨立委 要不要罰300萬啊,BioNTech
BaRanKa, 某王某糖 英文趕快練習 等人家跨海官司,BioNTech
nitu2009, 美國為啥不給你疫苗？那不明擺的嗎？他,BioNTech
godpiger5566, 側翼都是口徑一致死咬代工喔,BioNTech
kevin0733, 什麼中國代工 中國分裝 蠢到不行,BioNTech
nitu2009, 自己的國民都還有一半沒打，怎麼可能給你疫苗？他的政敵不幹死他才怪。那中共,BioNTech
yellowhow, 就算大家自費他馬的也才一千內*2劑,BioNTech
MAX777, 丟臉丟到德國去，連代理的意思都能拗成代,BioNTech
nitu2009, 為什麼可以無償給你疫苗？他沒有政敵啊,BioNTech
james80351, 不然就等於政府公然造謠了,BioNTech
LevisVintage, 世界：看到了看到了 全世界都看到了,BioNTech
blue999, 完了完了 要講歐盟打壓了 打壓的越來越多,BioNTech
MAX777, 工,BioNTech
nitu2009, ，他的人民沒有發聲的權力。這種人民沒有能力反抗的國家做出來的疫苗，能是好,BioNTech
svd237, 下午有沒有記者敢問的,BioNTech
nitu2009, 的嗎？台灣能買到疫苗是很奇怪的一件事,BioNTech
hw1, 等等這篇要出現在假消息澄清區了,BioNTech
allen0981, 理組國家被文組國家氣死的案例,BioNTech
nitu2009, ，他自己的國民都還沒打完，怎麼可能給,BioNTech
tist, 德國變中共同路人了,BioNTech
nitu2009, 你疫苗？自己造比較安全,BioNTech
Heberw, 最後一段 原來所謂的外力是...,BioNTech
fix78, 可憐啊，中央一開始就直接自己做假消息,BioNTech
funkD, 行政院帶頭造謠 真是夠了,BioNTech
issemn, 我在此宣布「疾管家若澄清此則假消息」，,BioNTech
AustinRivers, 這會很臭的....,BioNTech
ugliness, 造謠的側翼粉專立委先罰300萬,BioNTech
issemn, 我立馬安裝疾官家回來,BioNTech
maxwell21, 說好的三百萬欸,BioNTech
k123894, 台灣的臉被綠共給丟光了,BioNTech
BaRanKa, 人家輝瑞幹嘛給你 你整天中傷救命好東西,BioNTech
Senga41, 政府帶頭造謠,BioNTech
hoe1101, 定宇罰款記得叫若芳去繳，繳完還要買早餐,BioNTech
tanby, 整個黨都在黑別人 有夠扯的,BioNTech
hoe1101, 喔,BioNTech
winnerdinner, 快點罰造謠的三百萬,BioNTech
douge, 看一次怒噓一次 這群人渣 造謠防疫資訊,BioNTech
hiojvd, 那些說中國製造要不要罰三百萬,BioNTech
leecliff, 行政院羅秉承出來玩 順便找丁丁一起 幹,BioNTech
cs95401156, 有種罰300W阿 笑你DPP不敢,BioNTech
zero00072, 各路造謠造口業的蟑螂，耗子尾汁。,BioNTech
silomin, 公務員造謠應該要加重關起來吧 害國家耶,BioNTech
Ahhhhaaaa, 執政黨帶頭造謠 幹你媽的一群廢物,BioNTech
douge, 民進黨要是下台 我一定跳出來要求追究的,BioNTech
LBruce, 政府帶頭造謠到德國原廠澄清    毛骨悚然,BioNTech
yyc210, 支持提告,BioNTech
kevin0733, 發過BNT中國製假消息的 通通檢舉起來,BioNTech
Ahhhhaaaa, 蘇貞昌 你敢造謠我敢嚴辦,BioNTech
ChungLi5566, 那些喊中國疫苗的通通抓起來罰啦,BioNTech
Workforme, 呵呵 有黨證的帶頭造謠 要不要300萬？,BioNTech
Ahhhhaaaa, 蘇貞昌 你敢造謠我敢嚴辦,BioNTech
yellowhow, 你這樣會影響到企業的公信力吧?,BioNTech
kashi29, 都成了國際笑話還一樣執迷不悟 垃圾政府,BioNTech
AustinRivers, 支持外國提告,BioNTech
bjk3370, 幹牠媽的綠共黨證無敵 造謠免責,BioNTech
wonder007, 看好了世界綠營側翼只示範一次,BioNTech
nuclear, 可憐哪,BioNTech
deep0723, 那些造要的綠側翼要罰了沒,BioNTech
neoa01, 跟只是堵藍  被外媒認證一樣丟臉，我們的,BioNTech
yellowhow, 未來台灣企業在德國應該會有不小阻力,BioNTech
findwind0826, 不罰我真的要生氣了,BioNTech
neoa01, 綠色連結,BioNTech
despot12, 每天都查到自己人...蠢到快往生了,BioNTech
deep0723, 公視該關台了吧,BioNTech
eyecake, 300W 謝謝,BioNTech
miracle1215, 台灣真的有夠扯 官員造謠不抓 只敢抓,BioNTech
achou0119, 世界看到台灣執政黨在造謠,BioNTech
limitlesscit, 到底什麼時候要逞罰王定宇阿,BioNTech
findwind0826, 抹黑疫苗到底是三小?,BioNTech
waijr, 恐嚇民眾 自己造謠被拆穿 結果不罰 政府就`,BioNTech
sxxs, 丟臉丟到國際+1,BioNTech
a5413eric, 不會罰拉 選擇性失憶,BioNTech
kauosong, 德國人真的不太想被牽扯到小島的政治紛,BioNTech
wih512, 他媽那些想把BNT抹成中國疫苗的人最好全部,BioNTech
mmchen, 綠圾不會辦自己人,BioNTech
skevis, 貽笑國際,BioNTech
specialcook, 被國際笑死,BioNTech
wih512, 都抓去罰300萬，幹你娘不要自己家的狗就不,BioNTech
miracle1215, 一般民眾 垃圾國家\,BioNTech
amida959, 好丟臉喔 國外都知道台灣政府是智障了,BioNTech
waijr, 再也沒有信用了,BioNTech
saiboos, 德國科學力世界第一！！！,BioNTech
laukun, 記者沒順便問1億劑給完，之後的？,BioNTech
wih512, 敢罰，順便疾管家也去po文打假一下。,BioNTech
en90508, 假消息要不要辦啦！只許州官放火，不許百姓點燈？,BioNTech
lwswjs, 今天記者會怎麼沒澄清 罰300,BioNTech
cash0221, 什麼時候要罰300萬啊？,BioNTech
lkhtok, 抓到了！德國是中共同路人,BioNTech
InfocusM510, 說好的假訊息澄清呢？,BioNTech
resudi, 為了政府公信力 造謠的是不是先罰300再說,BioNTech
hcc570910, 罰不罰??????????,BioNTech
offdensen, 啪!啪!啪!啪!啪!!!!!,BioNTech
SABA0, 有最好的不用 ...,BioNTech
sanshin, 沒人被罰，側翼威能,BioNTech
SSCSFE, 覺青經過支那代理會不會加料????????,BioNTech
JohnGod21, Q1.德國供中國德製 中國供台灣是哪製?,BioNTech
highwind66, 反正就是護航國產，無關是非對錯,BioNTech
wobbuffet, 300萬,BioNTech
se2422, 還沒買到疫苗就先得罪藥廠 台灣搞得跟義和,BioNTech
s762ok, 之前亂講的要不要罰？,BioNTech
se2422, 團一樣,BioNTech
bluehttp, 歐盟卡台,BioNTech
tamanoko, 最後一段其實才是重點,BioNTech
amida959, 一億劑用完是什麼製甘你屁事 都是明年,BioNTech
hipmyhop, 民進黨打球喔 假訊息中心,BioNTech
caeasonfb, XD,BioNTech
liuedd, 造謠造到國際去,BioNTech
coeXist, 疾管家BNT中國製的假消息在哪 窩不知道,BioNTech
amida959, 的事了,BioNTech
Jerome16, 有黨證的造謠都沒事,BioNTech
a5413eric, 林穎孟表示,BioNTech
allen0981,  https//i.imgur.com/6sm233Z.jpg,BioNTech
waijr, 台灣就大中國區,BioNTech
ARTORIA, 現在講中國BNT的 都是死綠畜,BioNTech
mc0204, 300萬 300萬,BioNTech
ODays, 連租房子都有問題的人爆料自爆有啥好意外,BioNTech
pssunny123, 造謠到造到德國人出來澄清,BioNTech
ev331, 可悲,BioNTech
owentseng, 我還是不懂，人家在意的是為什麼用藥,BioNTech
allen0981, 宦官禍國殃民 慈禧昏庸,BioNTech
ODays, 的,BioNTech
bryantiswill, 高調，不是要罰造謠的人嗎，快抓,BioNTech
alvinpom, 說好的三百萬呢~死雙標綠共,BioNTech
Alphaz, 反正已經抹紅了 有多少人會再去看事實？,BioNTech
owentseng, 證來擋，他回答當初談判的事情幹嘛？,BioNTech
Alphaz, 民進黨就靠這手段奪權的,BioNTech
f222051618, 一群為了政治利益可以公然說謊的垃圾,BioNTech
owentseng, 很重要嗎？,BioNTech
macrose, 最後一段值得玩味,BioNTech
douge, 只有某d那種垃圾不會去為了造謠道歉啦,BioNTech
itachi0609, 疾管家敢不敢澄清？,BioNTech
godpiger5566, 還是政府帶頭的 整天罵中共結果行為,BioNTech
mscp, 說是中國製造的綠委都不用被檢舉的喔?,BioNTech
miracle1215, 德國BNT如果知道台灣官員民代造謠的,BioNTech
AngelMAyCry, 這些造謠是中國做的都該罰,BioNTech
godpiger5566, 跟中共沒兩樣 內宣造謠,BioNTech
ARTORIA, 死綠畜以後害台灣買不到BNT 就是歷史罪人,BioNTech
TackoFall, 我要打國產辣 賣拷貝,BioNTech
dai26, https//i.imgur.com/gxYmRpQ.jpg,BioNTech
mscp, 有沒有達人知道要去哪檢舉?,BioNTech
PunkGrass, 沒差 反正我又打不到,BioNTech
miracle1215, 話 人家還會願意賣我們BNT疫苗嗎XDDD,BioNTech
polarfox, 可以告到底了吧,BioNTech
IRPT001, 叫代表去罵一下,BioNTech
dai26, 這張圖就是現在民進黨的寫照，笑死XDDDD,BioNTech
BaRanKa, 當然知道啊 大家練習英文寫信去給BNT就好,BioNTech
oyaji5566, 支持藥廠開吉,BioNTech
gn90178, 原來歐盟=中國？小英300W拿來,BioNTech
andy820426, 哈哈哈,BioNTech
a24285293, 中央最愛製造假消息 真的是狗男女,BioNTech
shinkiro, 看好了世界 台灣只示範一次無腦抹黑BNT,BioNTech
qilar, 澄清有屁用 吉死他們,BioNTech
giggleboy, 那些綠色的造謠要不要罰,BioNTech
ZIQQ001, 人家都看不下去了 綠共為了黨的利益不斷,BioNTech
outsmart33, 帶頭造謠,BioNTech
skyexers, 幹你娘民進黨不去死,BioNTech
A80211ab, 就王八千阿,BioNTech
ZIQQ001, 抹黑 一開始要找你投資 要給代理 台灣不,BioNTech
kshs301, 民進黨到底要丟多少臉 真他媽的下賤,BioNTech
ev331, 我知道這行為會被罵神經病妄想症,BioNTech
ZIQQ001, 需要 現在又在背後抹成中國疫苗 有夠下,BioNTech
dearjohn, 所以當初栽贓的那群跑哪去了？,BioNTech
BaRanKa, 反正某黨不需要臉 要跟世界頂尖疫苗開幹,BioNTech
Vendetta, 日本AZ都收了  德製BNT可以收吧,BioNTech
ZIQQ001, 賤的冥燼黨,BioNTech
Visnjic, 當大家都在打疫苗 看看鬼島只會鬥爭,BioNTech
sasakihiroto, 我就看疾管家這垃圾維穩帳號啥時要,BioNTech
allen0981, 李蓮英跟慈禧 現在就是清末,BioNTech
med5566, 看好了世界我們不要疫苗,BioNTech
yukihira, 造謠恐嚇人民的垃圾政黨,BioNTech
victoryman, 認知作戰到對方澄清了 跟拜登那次一,BioNTech
sasakihiroto, 澄清那些假新聞 這些造謠側翼啥時要,BioNTech
ticy, 這個可以跨國告毀謗了吧,BioNTech
ARTORIA, BNT能不能幫個忙 告死這些造謠的,BioNTech
tomato5566, 德國人欠罰錢是不是,BioNTech
sasakihiroto, 罰300萬,BioNTech
BaRanKa, 叫小卡賀勒 站直一點 加油 D黨,BioNTech
rblovetw, 民進黨的臉書也公然造謠啊，還不是沒事,BioNTech
qk3380888, 好丟臉 造謠造成這樣,BioNTech
sted0101, 先罰德國BNT 300萬,BioNTech
Housetobe, 丟臉丟到國外 騙人騙到海外,BioNTech
victoryman, 樣 還要投書到台灣,BioNTech
headcase, 覺青都瘋狂分享那是中國疫苗了 你還打臉,BioNTech
DMM, 簡單說是因為配合歐盟 而不是被中共插手,BioNTech
issemn, @疾管家 快來澄清假消息喔！而且是很多人散布的假消息,BioNTech
dai26, https//i.imgur.com/kKyMpXF.jpg,BioNTech
godpiger5566, 我也支持輝瑞提告 證據都有截圖,BioNTech
ev331, 還好還有些人有講實話 不然更丟臉,BioNTech
cuteboy814, 上海花錢投資拿到代理結果被黑..,BioNTech
joesong, 造謠的要不要抓,BioNTech
miracle1215, 哈哈造謠BNT 然後還想要跟BNT買疫苗?,BioNTech
onejune, 屎中這部分我沒看到相關的文件,BioNTech
cuteboy814, 德國那邊也覺得莫名奇妙變中國製的 XD,BioNTech
ticy, 現在看到FB上有人在洗 ， 代理商會分裝 ，,BioNTech
a5413eric, 支持輝瑞提告+1 最好告到國際法庭,BioNTech
morgan13, 造謠仔沒料到德佬會出面闢謠,BioNTech
ticy, 有動手腳的可能,BioNTech
miracle1215, 當德國是棒槌喔XDDDDDDDDDDD,BioNTech
superww, 台灣某黨的假消息 被外國注意到了 XD,BioNTech
ZIQQ001, 綠共為了黨的利益 犧牲全民的權益 這種,BioNTech
mscp, https//www.mjib.gov.tw/Poll?Module=2,BioNTech
ZIQQ001, 垃圾黨 還支持的下去？,BioNTech
Robert001, 綠請德國原廠證明上海復興都是德國製,BioNTech
KillerMoDo, 我覺得好悲哀  台灣人跟義和團好像,BioNTech
LA24, 黨有GUTS請對綠營的各位立委議員開罰阿,BioNTech
nicolaschen2, 綠營造謠要罰嗎？,BioNTech
onejune, 屎中臥不知道 QQ,BioNTech
ddell, 民進黨是把人民耍著玩嗎?,BioNTech
amida959, 對比15萬疫苗就瘋狂開趴 國之將亡必有,BioNTech
morgan13, 是當作分裝沙拉油這麼簡單喔?,BioNTech
BaRanKa, 有看到都截圖起來練英文寄給輝瑞跟BNT看,BioNTech
amida959, 妖孽,BioNTech
maxweel, 側翼帶頭造遙 政府也默許 真是可悲,BioNTech
cloudyoyo, 德國表示：沒想到台灣這麼智障？,BioNTech
sincere77, 綠營政客側翼怎麼可以這麼不要臉,BioNTech
metal521, 世界看好 我們被打臉 只示範一次,BioNTech
mscp, 蔡培慧該被檢舉了，一人一信檢舉她喔,BioNTech
ghostxx, 不是要打假重罰??前面那些蟑螂該殺了吧,BioNTech
BaRanKa, 重點是不要一次拖全台灣人一起下幹,BioNTech
gremon131, 丟臉 以後看誰敢賣台灣東西,BioNTech
abobstar, 行政院不用罰300萬唷 恐嚇人民最厲害,BioNTech
kuloda, 怎麼早上記者會沒打這假消息？,BioNTech
orfan, 世界看到了~ 我DPP側翼又再次造謠囉~,BioNTech
BaRanKa, 既歹丸can help這次BNT又害全台一起丟臉,BioNTech
milleniue, 悲哀，世界最好的疫苗在台灣因為政治,BioNTech
waijr, 輝瑞應該蹵褻i黨詆毀商譽,BioNTech
ayukiu, 丟臉的速度比大外宣快...,BioNTech
ironkyoater, 白痴，德國人打臉了吧,BioNTech
richjf, 泣：就是中國製！  八千睡：我夢到！,BioNTech
milleniue, 因素狂被抹屎,BioNTech
abc801224, 白癡綠共還在洗啊 智障,BioNTech
biorgan, 王八千出來打球,BioNTech
kashi29, 黨為了面子利益什麼都可以騙,BioNTech
ThuLonnie, 這時候某管家安靜了...?,BioNTech
eeccms, https//i.imgur.com/uH5f5DG.png,BioNTech
Vendetta, 所以只有DPP造謠仔不用罰300萬？,BioNTech
miracle1215, 這鳥屎國買疫苗想繞過代理商然後還造,BioNTech
eeccms, https//i.imgur.com/cgktYzK.png,BioNTech
cream4260, 德國原廠：台灣是不是不會區分代工跟,BioNTech
novashine, 靠北喔，自己造謠洗腦人民,BioNTech
cream4260, 代理？,BioNTech
k1314520illy, ：糞小島不要鬧了,BioNTech
numb124, 當然不會罰側翼和綠委，要給年輕人機會,BioNTech
eeccms, https//i.imgur.com/sM0HGQk.png,BioNTech
techup, 疾管家、事實查核中心為何對這種假消息沒,BioNTech
eeccms, https//i.imgur.com/LdAbzI9.jpg,BioNTech
miracle1215, 謠代理商的產品不是原廠製 德國應該,BioNTech
waijr, 輝瑞應該去美國蹵褻i黨詆毀商譽,BioNTech
windlan, 推記者查證,BioNTech
basslife, 真的是有夠丟臉的,BioNTech
techup, 有反應？,BioNTech
asadafan, 現在不想買就直說，一直亂得罪人很煩,BioNTech
miracle1215, 覺得這鳥屎國到底在幹嘛XDDDDDDD,BioNTech
Shimotsukin, 王定宇這種東西要不要關？,BioNTech
vdml, 別再打臉了 不然等下抹你們中共同路人喔,BioNTech
amida959, 沒事啦 國際都在看笑話不會把這些造謠,BioNTech
todo0222, 原廠都講話了，綠蟑螂被打臉好爽,BioNTech
bobosheep, 垃圾台灣 爛,BioNTech
amida959, 當真 原廠不用花什麼力氣澄清,BioNTech
BaRanKa, 不要再讓大家跟你D黨一起被好廠商嫌好嗎,BioNTech
wowisgood, 綠腦不用道歉?,BioNTech
junkiewang, 阿宇阿鵬繼續黑BNT不用罰，潮爽,BioNTech
issemn, 如果我老婆穎孟 ♥ 因此被罰300萬 我付啦,BioNTech
whiteprince, 又被重重打臉了,BioNTech
waijr, 去美國酑Y黨應該賠錢賠死吧,BioNTech
fickleness, 綠色蟑螂打國慘,BioNTech
palapalanhu, 300萬要不要罰啦,BioNTech
wowisgood, 反而世界各國不敢打的AZ捧上天,BioNTech
JohnGod21, A. 莊人祥都說會把關了 為什麼不進口,BioNTech
BaRanKa, 你現在想想人家喝啤酒閒話是在尻洗歹丸,BioNTech
newstyle, 快點告民進黨政府,BioNTech
clydebbman, 幹你娘 DPP全黨 要不要出來打球,BioNTech
scum5566, 一堆垃圾政客跟狗官在造謠,BioNTech
tddt, 王胖子有嫩妹陪睡，超爽的不要太嫉妒,BioNTech
jasonlin2100, 被國際打臉真他媽丟臉,BioNTech
meganhsia, 300萬快來,BioNTech
ray0305, 糟糕 原廠說德國製,BioNTech
q13461346, 再騙阿幹 罔顧人命,BioNTech
todo0222, 綠共接下來還會扯什麼招數,BioNTech
knight0123, 為了政治什麼抹黑的話都說得出來~,BioNTech
maniac, 幹綠共再丟台灣臉啊,BioNTech
jasonlin2100, 幹您娘要不要罰三百萬啦操,BioNTech
k1314520illy, 台灣的臉都被側翼和他們主子丟光了,BioNTech
eternal123, 300什麼時候開罰  一直被打臉….,BioNTech
james780909, 辛苦德國了...,BioNTech
ssisters, 有黨政的政府跟民代假消息都不算造謠,BioNTech
jasonlin2100, 母豬帶頭說謊耶操他媽的賤貨,BioNTech
ray0305, CDC何時要製圖說 BNT中國製是假新聞,BioNTech
alan0204, 丟臉丟到國際去,BioNTech
sheep922420, 打臉肥宇,BioNTech
q34355997, 綠營造謠合法好嗎  一群白痴 殺人運毒,BioNTech
hohoho2010, 原廠來打臉了，讓世界看到台灣,BioNTech
gamania5972, 滿希望看到廠商告下去,BioNTech
iam0718, 中共同路人,BioNTech
q34355997, 販毒走私偷情家暴都沒事了,BioNTech
PttXiangMing, 300,BioNTech
only57092, 媽的有夠丟臉,BioNTech
newstyle, 綠共就共產黨，可信度一樣，怎麼還一堆,BioNTech
ayumi74825, 所以我說那個藥證呢,BioNTech
a5413eric, 看好了世界 台灣教你兩周丟臉丟到,BioNTech
newstyle, 人相信，因為他們早已把說謊當習慣了,BioNTech
retrud, 不買就算了 還挑三檢四秀下限,BioNTech
a5413eric, 國外去 真她媽的,BioNTech
lesnaree2, 陳時中只會影射抹黑,BioNTech
issemn, @疾官家 做事呀 不要再錯抓自己人了！！,BioNTech
m50205811, 國內垃圾政客公然認知作戰 直接檢舉,BioNTech
morris, 甚麼樣的人民跟支持者 會被低級騙術說服,BioNTech
jasonlin2100, 幹他媽的丟臉母豬賤貨帶頭說謊,BioNTech
liusean, 綠共側翼為了面子抹黑 丟臉丟到國際,BioNTech
gusser, 民進黨的垃圾們臉丟大了,BioNTech
iam0718, 甜心林穎孟跟好馬吉會繼續扯,BioNTech
ssisters, 人不要臉天下無敵 無恥近乎神勇,BioNTech
t340081231, 垃圾綠營側翼再造謠啊,BioNTech
sd09090, 慟,BioNTech
firestar35, 快罰造謠仔！,BioNTech
lesnaree2, 自己買那麼少被歐盟搶走 怪中國 真是,BioNTech
jasonlin2100, 都死一堆平民百姓還他媽的犯賤說謊,BioNTech
a5413eric, 林穎孟與她的快樂夥伴正在想怎麼辦,BioNTech
lesnaree2, 骯髒,BioNTech
DORAQMON, 資進黨的假新聞,BioNTech
miracle1215, 及管家啥要澄清中國BNT是德國原廠製,BioNTech
loverxa, 有夠丟臉 說謊說到原廠出來打臉,BioNTech
jasonlin2100, 一群廢物 我操他媽的廢物,BioNTech
Ron51320, 綠共假消息丟臉到國外,BioNTech
sd09090, 一堆綠色立委又造搖？,BioNTech
hoanbeh, 覺青圈還是在黑BNT 絲毫沒有停下來,BioNTech
beepuffer, 我們的政府，帶頭造謠，是不是該革命了,BioNTech
nunlove, 有夠丟臉,BioNTech
miracle1215, 及管家這時又不澄清假消息囉??XDDDDD,BioNTech
vespar, 王委員 看你自己要捐300萬還是？,BioNTech
ev331, 我看蟑螂搞不好又拿到經費了,BioNTech
newsun1997, XDD 哈哈哈,BioNTech
LevisVintage, 看好了世界 這就是來自東方的台灣鯛,BioNTech
CannonLake, 一堆智障 台灣代理一堆商品 也不是台,BioNTech
jasonlin2100, 幹您娘有夠丟臉垃圾廢物,BioNTech
Arnol, 所以是歐盟打壓台灣的意思嗎,BioNTech
Phane, dpp就是這點讓人不恥 說錯不道歉 裝死沒事,BioNTech
CannonLake, 灣製作好嗎,BioNTech
Feiht, 三民自不報，817被關在綠媒泡泡，不會知道,BioNTech
PUPUYU, 台灣到底要多丟臉呢,BioNTech
f396761440, 記者可以問一下今天的cdc：,BioNTech
jasonlin2100, 可不可以他媽的不要那麼無恥,BioNTech
f396761440, 立委帶頭造謠可以怎麼處罰嗎？,BioNTech
scottandk, DPP造謠者還有什麼國產疫苗研發員，全,BioNTech
mopa, 所以這個外力介入，是歐盟要增產，產能要自,BioNTech
carrie1973, 那之前側翼講的不算假新聞，要不要罰3,BioNTech
scottandk, 部都在虎扯蛋,BioNTech
mopa, 己留著，所以不給你了？,BioNTech
bgklye, 總統人品怎麼這麼的，唉,BioNTech
carrie1973, 00萬,BioNTech
ssisters, 德：買那麼少又亂吵 滾遠點 要死旁邊去,BioNTech
nrxadsl, 孟潁說用香腸比喻，會相信的，不是蠢就是壞，你各位是什麼？？？？,BioNTech
Forad, 817覺青不管啦～說中國製造就中國製造～,BioNTech
kmshy, 原廠直接打臉 可憐哪 台灣又被全世界看見了,BioNTech
mayday75816, 綠吱只看三民自 看不到啦,BioNTech
carrie1973, 為什麼中央自己可以製造假新聞,BioNTech
jasonlin2100, 母豬賤貨帶頭說謊謊到國際認證,BioNTech
leonian, 聯合報可以把什麼賭蘭議員抹黑的資料一,BioNTech
newstyle, 蟑螂的同溫層很厚，吹得泡泡很大，不會,BioNTech
leonian, 併翻譯寄送過去嗎orz,BioNTech
jasonlin2100, 真他媽的廢物綠共,BioNTech
todo0222, 前幾天造謠的推文的不用負責嗎？,BioNTech
testttt, 看好了全世界 台灣教你怎麼造謠!!,BioNTech
newstyle, 想知道泡泡外面的世界~~但台灣可被害慘,BioNTech
yeng1217, 蟑螂：反正不敢告就是心虛，我們贏了,BioNTech
kevin820308, 造謠抓不抓？垃圾執政黨,BioNTech
joety1103, 民進黨一堆垃圾立委，難怪德國不賣給你,BioNTech
newstyle, 了,BioNTech
beepuffer, 調查局該清查誰是國慘疫苗背後金主了,BioNTech
chen10, 300萬趕快罰啦,BioNTech
jasonlin2100, 他媽的這個謊害死多少條人命,BioNTech
BaRanKa, 何必害其他相信跟想用BNT的人一起被德笑,BioNTech
Y225, 政府帶頭造詣怎麼算,BioNTech
daniel229, 世界看好了！丟臉的台灣,BioNTech
MaYawCiru, 該罰那些蟑螂立委 議員三百萬了吧,BioNTech
beepuffer, 出賣人民性命，換取自己的利益。,BioNTech
ericlin121, 執政黨丟臉丟到國外,BioNTech
jasonlin2100, 民進黨他媽的什麼時候下台啦操,BioNTech
libraayu, 丟臉丟到國外去,BioNTech
NiuBi5566, 那群造謠低能不罰300萬 還有什麼理由可,BioNTech
cloudfantasy, 政客名嘴為了炒股，一直造謠,BioNTech
Goodlife, 300萬,BioNTech
ss880702ss, 台灣政府被國際打臉 丟臉丟到國外,BioNTech
NiuBi5566, 以限制人民言論自由,BioNTech
ericlin121, http//i.imgur.com/rjEOVps.jpg,BioNTech
ffhh,     狗屎民進黨裡面的垃圾造謠快處理,BioNTech
babyMclaren, 好啦 300萬,BioNTech
jackietom, 指揮中心本身就是個假訊息中心,BioNTech
yzvr, 有黨證，可造謠，好開心,BioNTech
leonian, 還在那邊造謠分裝會變成食鹽水有夠有病,BioNTech
lanslod, 造謠還被打臉，可憐,BioNTech
qk3380888, 側翼就算了 還是立委造謠= =,BioNTech
johnnyjog, 德國省製造,BioNTech
tvxqsun123, 臉腫到不行欸,BioNTech
FinallyPeace, 看好了世界 台灣只示範一次政府帶頭,BioNTech
PhilHughes, 某立委帶頭造謠,BioNTech
ilove88th, 我去你的 DPP 都 7414 啦,BioNTech
Mits5190, 300萬可以罰了啦不過我看也不敢罰雙標成,BioNTech
FinallyPeace, 造謠,BioNTech
Mits5190, 這樣,BioNTech
issemn, https//i.imgur.com/f1D3W02.jpeg,BioNTech
BaRanKa, 你們一針都別拿 人家賣別人救別人命,BioNTech
jasonlin2100, 疾管局就是他媽的造謠中心,BioNTech
turncolan, 之前說中國製的，一人300萬,BioNTech
tn907915, 結果疫情指揮中心只有發言人敢說事實,BioNTech
f396761440, 王八千你還要德國原廠申明，還有沒有,BioNTech
digodi, 死造謠仔最後只會跟犯婦一樣躲起來,BioNTech
stupid1211, 這群瘋狂假新聞的 到底何時才要罰,BioNTech
tn907915, 這樣還要我相信國產疫苗有效,BioNTech
s762ok, 某立委是不是該被法辦？,BioNTech
f396761440, 廉恥心,BioNTech
DOOT, 1450反串事件還看不出來嗎?檢舉就約談你^_^,BioNTech
waldo870, http//i.imgur.com/5hsexP9.jpg,BioNTech
Yves071, 那個研究員是不是柚子醫生2.0？,BioNTech
deep0723, 公視要不要關台啦  操,BioNTech
yyff, 看好了世界，台灣網軍造謠功力,BioNTech
wate5566, 三民自還敢抹黑嗎？我認為是敢啦,BioNTech
MTBF, 丟臉丟到國外,BioNTech
badalghost, 立委造謠是不是該罰300萬,BioNTech
yyff, 那個人後來有道歉了，而且來賓說什麼，跟公,BioNTech
lockbacker, 造謠的有黨證 什麼300萬？ 高鐵上隨,BioNTech
MTBF, 世界都看到了，台灣執政黨造謠抹黑國外藥廠,BioNTech
aa7520tw, 覺青：不管啦，在中國過水過就是不爽打,BioNTech
tvxqsun123, 政府帶頭造謠,BioNTech
lockbacker, 便撿就有了,BioNTech
exceedMyself, 德國 300,BioNTech
aa7520tw, 啦,BioNTech
yyff, 視本身的關係不大吧,BioNTech
MSchumi, 綠共我說中國製就是中國製 怎樣.....,BioNTech
satonoo, 丟臉又丟到國外了 側翼還在那邊歌功頌德,BioNTech
yymeow, 造謠的那幾隻，罰300萬啊,BioNTech
HiSunny, 看好了世界,BioNTech
waldo870, 輝瑞是不是BNT?????,BioNTech
imsphzzz, 民進黨繼續造謠,BioNTech
leonian, 的他們臉皮超厚，造謠完就當沒事繼續造,BioNTech
Komibo, 造謠的什麼時候要辦啊,BioNTech
leonian, 謠別的，不信看看林靜怡、王定雨臉書,BioNTech
milleniue, 側翼就算了，整個府院黨團全跳下來造謠,BioNTech
ss880702ss, 抹黑別人 放話嗆聲 然後再說別人不賣,BioNTech
ak47g78, 自己造謠不用罰嗎 垃圾,BioNTech
leonian, 同意mill版友，整個政府從上到下一直抹,BioNTech
msekili, 小菸 綠共不管啦 說中國就是中國啦,BioNTech
chungj, 買辦國民黨宣傳真噁心 你們先打拉,BioNTech
leonian, 黑造謠,BioNTech
WuKong, 可憐人，台灣人的敵人竟是台灣人,BioNTech
help1268, 這種造謠沒事,BioNTech
furnaceh, 慘，自己國內不行，還被外國打一巴掌,BioNTech
piliwu, 德國人還有臉講勒因為政治因素生變不敢承,BioNTech
milleniue, 跟對岸同個鼻孔出氣一起抹BNT,BioNTech
piliwu, 認,BioNTech
amseex, 造謠罰 300 啊,BioNTech
mioaria, 說是造假的 一人三百萬 領好領滿阿,BioNTech
ubei, 沒用.我朋友會說聯合報不可信.,BioNTech
hoodi, 有黨證免罰300萬 而且可以不限次數,BioNTech
KingJamesS, 丟臉丟到國外去 整天為了政治抹黑別,BioNTech
PENGHU777, 綠色還在造謠中國疫苗,BioNTech
KingJamesS, 人商譽,BioNTech
justiceyes, 那些造謠的菸黨民代名嘴蟑螂不抓嗎,BioNTech
mioaria, 電視新聞都有證據阿~,BioNTech
Rolflin, 違反黨意300萬,BioNTech
fedona, 失智菸糞又被原廠打臉了,BioNTech
hoodi, 心動不如馬上行動 請與Dpp黨部聯絡,BioNTech
hygen, 側翼一直造謠等於在扯台灣後腿,BioNTech
ctchens, 德國人應該很不爽政府帶頭造謠,BioNTech
cherrybabe, 民進黨不抓造謠仔是不是怕自己養的狗會死光光,BioNTech
c8895665, 假消息應該罰民進黨,BioNTech
NMBILL, https//m.facebook.com/story.php?story_,BioNTech
ZIQQ001, 跳過代理商 一直怪說是政治因素 等代理,BioNTech
NMBILL, fbid=1013759112784547&id=10002451403798,BioNTech
james5566, 一狗票原諒色的側翼網軍 黨立委 黨好朋,BioNTech
ZIQQ001, 商不賣你 再來扯政治因素好嗎 商業規則,BioNTech
NMBILL, 0,BioNTech
james5566, 友 黨學者 都在造謠認知作戰 都不用罰,BioNTech
Jim43, 立委議員是不是在造謠？,BioNTech
ZIQQ001, 都不懂 只能洗腦無知綠畜,BioNTech
james5566, 三百萬 一億 關七年就對了,BioNTech
cage820518, 可憐呀台灣,BioNTech
jasonlin2100, 幹他媽垃圾母豬害死多少人命操,BioNTech
ZIQQ001, 一直抹黑上海復星代理的是中國製 是中國,BioNTech
whizz, 舔共大國,BioNTech
ZIQQ001, 分裝的 不就是綠共自己嗎,BioNTech
marunouchi, 納粹疫苗,BioNTech
milkmaomi, 可憐啊。他們還是會選擇當文盲，繼續亂,BioNTech
NMBILL, 不是造謠,BioNTech
milkmaomi, 講話。,BioNTech
NMBILL, 是裝傻,BioNTech
Kaids, 聯合報不可信。,BioNTech
issemn, 我幫側翼想好對策了 趕快轉移話題到15萬劑,BioNTech
bravery1117, 整天說謊的的政府都不會被罰300 @@,BioNTech
ZIQQ001, 一下買代理商的沒品質保證 出事要找誰,BioNTech
GimO, BioNTech一定覺得台灣怎麼找低能兒當部長,BioNTech
ZIQQ001, 中國經手的不放心 結果蘋果手機中國經手就用的好開心,BioNTech
battle7710, 有政府，請放心。疾管家？,BioNTech
tony20095, 德國BioNTech這糞島整天再鬧有夠煩,BioNTech
edwinrw, 300萬?,BioNTech
NANJO1569, 政府官員和民代帶頭造謠都沒問題好棒棒,BioNTech
haofutw, 最強最好的疫苗還要黑？良心被狗吃了嗎,BioNTech
tryit268498, 台灣就是被這些造謠害死,BioNTech
s854273, 詆毀外國……難怪國外都關心不介入,BioNTech
guppys2005, bnt 想說疫苗都做不完還有人在那邊吵，白眼應該翻到後腦勺吧,BioNTech
zinga, 把陳綠共槍斃 把台灣人命當兒戲,BioNTech
deep0723, 綠側翼帶頭講的假消息 疾管家卻不闢謠了,BioNTech
fenwen, 看不懂英文嗎？initial 代表首批，不是全,BioNTech
sss1524, 林穎孟：又蠢又壞,BioNTech
fenwen, 部。,BioNTech
hatephubbing, 蔡：…,BioNTech
sss1524, http//i.imgur.com/LHE5oQF.jpg,BioNTech
takenouch, 拿流感疫苗施打來為民進黨護航視為綠吱,BioNTech
rewqasdf, 造謠罰款,BioNTech
niko0202, 有黨證就不怕 聯合屎報別想動搖黨的權威,BioNTech
momowawa1981, 整天政治操作 說謊造謠 難怪美國德,BioNTech
takenouch, 建議有人把這些人ID蒐集起來分析,BioNTech
momowawa1981, 國都不爽,BioNTech
LBruce, 呱吉 尼朋友 孟孟 狠壞欸,BioNTech
momowawa1981, 綠共以為拜登不知道你們這群咖小在,BioNTech
zinga, 陳菜蛆拿出2300萬億出來 一人一億很難嗎,BioNTech
momowawa1981, 搞事啊？,BioNTech
DustToDust, 全世界都看到台灣政府有多智障,BioNTech
Howard61313, 莊人祥本人都說是德國製了當初到底哪些人在亂講話，咦？,BioNTech
fade11, 不管啦，德國那麼親中～,BioNTech
f396761440, 原來造謠的立委不止一個呀，南部民代真不怕報應,BioNTech
F299, 執政黨帶頭造謠,BioNTech
cons, 之前那些放假消息的要不要罰300吱管家要不要澄清?,BioNTech
CC97, 台灣韭菜好騙!,BioNTech
phonesky, 有問題都推給對岸就對了，明明就德製還,BioNTech
james5566, 有蠢子買東西不去巷子口的通路商、超商,BioNTech
phonesky, 中製有問題，然後買不到就說中國打壓，,BioNTech
blackpony, 台灣鯛,BioNTech
phonesky, 阿里不達的小國我相信，如果美英德也怕,BioNTech
james5566, 、賣場購買 一直每天跑去產品總公司去,BioNTech
gamertwo, 看好了世界 台灣政府帶頭造謠抹屎的功力,BioNTech
ff26412, 造謠仔dpp罰不來肏,BioNTech
phonesky, 中國打壓的話，買一堆武器幹嘛早早投降,BioNTech
james5566, 魯洨洨 是在哈囉,BioNTech
phonesky, 算了,BioNTech
PerFumeLove, 德國應該覺得泰國人很白癡,BioNTech
sfzerox, 側翼蟑螂敢出征德國原廠嗎,BioNTech
s76083kahala, 重點不在哪一國製吧 而是不透過復星,BioNTech
zinga, iphone手機加州設計 大陸製造 膽敢哪個綠共,BioNTech
jakewu1217, 抓到了  中共同路藥廠,BioNTech
zinga, 用iphone直接槍斃,BioNTech
ihczfu, 蟑螂要不要去德國出征啊 他們很沒台灣價,BioNTech
jialin6666, 反正也買不到,BioNTech
ihczfu, 值欸,BioNTech
lebron3994, 丟臉啊綠共 多少人出來說是代理而已,BioNTech
eric6789, 台灣不買就算了還造謠是中國製,BioNTech
nptrj, 民進黨為了執政，一直抹黑 好可怕,BioNTech
piggywoody, DPP被打到頭都飛了,BioNTech
mxr, 民進黨夏希夏景,BioNTech
dustin942093, 爵輕該讓世界再次看看了吧？,BioNTech
jasonlin2100, 操他媽的害慘人命喔幹您娘,BioNTech
qoomai, 民進黨一堆帶頭造謠  可以再噁心一點,BioNTech
brad001, 去你媽的民進黨 唉,BioNTech
oginome, 德國沒有台灣價值,BioNTech
af912653, 原來是歐盟檔台灣,BioNTech
k23, 蟑螂別鬧了，快從失智列車下來吧,BioNTech
sawayama9, 有政府，會造謠，會抹黑，告人民,BioNTech
RushMonkey, 唉...,BioNTech
talrasha, 丢臉到全歐盟都知道吧  台灣=奧客,BioNTech
sawayama9, 民進黨是要把台灣的國際地位直接刷到底,BioNTech
nculeon2, 幹你娘，一直造謠說BNT是中國做的人趕快去死一死啦,BioNTech
IDfor2010, 連德國都知道台灣綠營執政黨政客和名嘴與網軍側翼在造謠，丟臉!,BioNTech
idaikon, 認知作戰,BioNTech
ff26412, 德國製的疫苗欸蟑螂QQ bnt中共同路人,BioNTech
ELMOCUTE, 快點去檢舉  起來了,BioNTech
kingtseng, 該查辦了吧,BioNTech
y1896547, 為黨造謠 無惡意 不罰,BioNTech
CC97, 歐美圍中和你抗中義和團根本不同層次，拿鋤頭衝鋒的替死鬼農民軍自以為是拿槍正規軍,BioNTech
GioGiorvanna, 定宇哥乖乖去幹房東啦,BioNTech
frankochris, 綠共無所不用阻擾大家打疫苗是捨心態,BioNTech
Semaj543, 那些抹黑BNT的造謠仔什麼時候法辦？,BioNTech
Orz9106, 德國被中共滲透了 所以德國製造等於中國製造,BioNTech
deep0723, 造謠黨啦 垃圾 執政黨帶頭造謠 笑死,BioNTech
mo42, 一開始說是中國製的都是五毛反串啦 想惡意弄臭台灣,BioNTech
alan0204, 國際上知道台灣有一群白痴義和團在造謠,BioNTech
gameguy, 三千萬劑，i洞不花錢買，有事？,BioNTech
fidic1643, 要買了嗎,BioNTech
chuck5669, 把你各位當成白癡一樣整天講幹話給你聽吶,BioNTech
hubert0619, 這時候還搞什麼意識形態,BioNTech
axlfun, 給台灣疫苗，中國的其他黨派不會罵嗎？,BioNTech
divx999, 立法委員造謠誒最愛澄清的疾管家完全不澄清,BioNTech
steven24205, 政府官員 立法委員帶頭造謠 不用罰的,BioNTech
a12345675678, 推,BioNTech
kane111, DPP自己臉腫就算了 還要丟台灣的臉,BioNTech
tony20095, 根本標準奧客 買疫苗一直在那魯洨不買,BioNTech
keyman2, 之前造謠的可以罰3百萬充實國庫嗎,BioNTech
lanchenchen, 黨不要臉執政無敵,BioNTech
alan0204, 奧客在門外盧數量 還抹黑店內賣得是瑕疵品 我是店家早就把他趕出去,BioNTech
f396761440, 如果造謠官員都不罰，我只能祝他早日,BioNTech
ChoiceLife, BNT要變同路人了嗎？,BioNTech
alex10282, 綠圾真的很可悲，整天下細下井,BioNTech
f396761440, 確診去投胎。,BioNTech
leeyeah, 維穩家：zzzZZZ,BioNTech
DawnSlight, 又要丟臉到國際了嗎，可憐,BioNTech
neilisme, 政府造謠到被國外廠商糾正 真的丟臉耶,BioNTech
XseraphimX, 所以林穎孟議員該不該罰？,BioNTech
serding, 鬧到德國生產商要自己出來澄清 還真慘,BioNTech
griffick, dpp直接被德國打臉,BioNTech
niniikoski, 各位是不是覺得遇到詐騙集團了呢？,BioNTech
Beltran, 台南造謠政客還敢上節目啊,BioNTech
gnihcS, 有沒有記者在記者會去問那些造謠中國製的民進黨要不要罰三百萬啦,BioNTech
alan0204, 知道原廠為何不賣了吧 政客在整天記者會上裝可憐啊,BioNTech
sunnydragon7, 最後一段有意思,BioNTech
likeilike, 聯合報嗎??? 鄉民判斷能力都沒有耶,BioNTech
zscst, 側翼：德國舔共 眾所週知,BioNTech
jasonlin2100, 幹您娘怎麼還不下台？,BioNTech
IRPT001, 看好了藥商,BioNTech
YUCIKI, 瘋狂打臉欸,BioNTech
jasonlin2100, 都死一堆人了操他媽的還在鬥爭,BioNTech
domo9999, 事實查核中心最好不要裝死喔,BioNTech
alan0204, 沒判斷能力的是誰阿 信造謠仔的?,BioNTech
isxman, https//i.imgur.com/Ry1dGGn.jpg,BioNTech
alan0204, 不然你寄信去原廠問啊 看得到什麼回覆,BioNTech
k5a, 讓世界知道放假消息  製造假新聞的是台灣讚哉  民進黨,BioNTech
zscst, 吉管家呢 怎麼不澄清了？,BioNTech
joemtpa2, 哇 原來造謠的是自己人啊 那這樣造謠還,BioNTech
ivanos, 只有跟原廠洽購，才可以獲得原廠在品質與,BioNTech
cccruru, 政府帶頭造謠要罰多少啊？,BioNTech
joemtpa2, 算造謠嗎 嘻嘻,BioNTech
ivanos, 安全的直接保證跟負擔責任，來避免法律與政治的雙重風險,BioNTech
gunfighter, 綠共說怕中國加料 幹 當熊貓送飲料喔,BioNTech
itachi0609, 政府的假消息澄清中心咧 裝死喔,BioNTech
rosydark, 綠共一堆造謠的，要不要罰300,BioNTech
Sammingy, 垃圾蟑螂跟側翼應該被罰300萬,BioNTech
domo9999, 請選擇指令：,BioNTech
cheng31507, 可以罰300萬了嗎？,BioNTech
domo9999, 1.裝死  2.德國舔共  3.歐盟阻撓,BioNTech
gg889g8, 政府要不要罰那些假訊息的側翼,BioNTech
Ivudaisuki, 王胖子自己用國安法辦自己啦有種造謠有種承擔 笑你不敢啦,BioNTech
k5a, 這一波防疫  讓台灣形象在世界被校正回歸....,BioNTech
Diver123, 300萬,BioNTech
k5a, .,BioNTech
zscst, 我就一句話啦 要不要罰王府八千睡和共糖葛格？,BioNTech
F1ower, 造謠說中國製的，不是假新聞？ 民進黨敢不敢抓出來罰？,BioNTech
YuDarvish, 某個林姓台北市民議員要不要罰300萬,BioNTech
syuu, 綠圾真的丟臉到可悲,BioNTech
YOLOO, 好像有人造謠喔 敢不敢罰300啦,BioNTech
devil115789, 最後兩段根本就打臉這邊一堆酸民了吧,BioNTech
arlubor, 好了啦！昨天疫苗上飛機現在沒人吵BNT了,BioNTech
thigefe, 綠狗繼續造謠，給我bnt,BioNTech
Paulsic, 疾管家死掉了嗎,BioNTech
sh26225399, 綠共真的可笑 直接被打臉,BioNTech
yahee314, 所以立委要罰300萬嘛？,BioNTech
giaour, 看好了德國，台灣綠畜示範造謠被打臉。,BioNTech
issemn, https//i.ibb.co/YWPQwVY/yengafang.png,BioNTech
silverice, 綠營垃圾人繼續造謠阿幹,BioNTech
ruey18, 丟臉 沒讀冊又兼沒衛生 幹,BioNTech
kklighter, 先申請，不要放話,BioNTech
ALACOOL, 馬上打臉,BioNTech
f396761440, 高雄台南人真可悲，選的議員立委扯國家防疫後腿。,BioNTech
runedcross, 造謠 抓不抓阿,BioNTech
VBMO, 哈哈 再講中國代工啊 光速打臉看到沒,BioNTech
Jiajun0724, 媽的 被國外笑死,BioNTech
yqppe, 在中國分裝小罐噢！不要漏了講噢XDDDDD,BioNTech
f19890913, 丟臉啊,BioNTech
luciffar, 覺青 名嘴 側翼誤國 國安局立刻啟動專案小組嚴懲賣國賊,BioNTech
dido0208, 不罰錢就算了，連澄清都沒有，什麼爛政府,BioNTech
ivanos, 明明就是從德國運原液到中國再加工製造，所以我們才要跟原廠洽購好嗎,BioNTech
issemn, https//i.imgur.com/gFdONlt.jpg,BioNTech
alan0204, 中國分裝?哪裡有講 被原廠打臉的還不夠,BioNTech
GRR, 看好了世界 臺灣政府會造謠,BioNTech
rTKc, 到底要不要罰300萬啊,BioNTech
k47100014, @devil115789 這就是你所謂的酸民罵的,BioNTech
alan0204, 哇靠蟑螂還在掙扎耶 經費下來了,BioNTech
k47100014, 你要不要往前翻幾天的文？打爆你臉,BioNTech
luciffar, iva已截圖 耗子尾吱,BioNTech
Paulsic, 只准州官造謠百姓造謠罰3百萬,BioNTech
alan0204, 原液分裝?是在裝可樂喔,BioNTech
carrie1973, 明天九點半記者會看會不會處理啊，中,BioNTech
ivanos, 只有跟原廠洽購，才可以獲得原廠在品質與,BioNTech
carrie1973, 央自罰三百萬，但請不要用公帑付,BioNTech
issemn, https//i.imgur.com/I7CuGaR.jpg,BioNTech
ivanos, 安全的直接保證跟負擔責任，來避免法律與,BioNTech
ZIQQ001, 不進BNT不就是因為進了 國產就沒人要打,BioNTech
ivanos, 政治的雙重風險,BioNTech
ZIQQ001, 了 BNT擋了國產的財路 全世界都在努力防疫救國民 只有綠共只在乎自己政黨的利益置人民生命於不顧 號稱最民主的政黨 笑死,BioNTech
king110592, 台灣又丟臉了…為什麼我說又,BioNTech
amare1015, 德國大哥講話了 垃圾菸粉還要繼續抹黑?,BioNTech
ZIQQ001, 口口聲聲公民選擇權 到最後可能只有國產可以選 其他國家都多多益善,BioNTech
gustavvv, 綠共造謠仔丟臉丟到國外,BioNTech
tommy0472, 所以是誰講的,BioNTech
garra, 又一次丟臉到國外 這次是誰搞的~~~,BioNTech
issemn, 幹！每一個都好正 ♥,BioNTech
luciffar, 幹是親眼看過26分裝逆 還在造謠啊,BioNTech
swatsh, 丟臉丟到國外了,BioNTech
s175, 德國都澄清了，假新聞到底要不要抓,BioNTech
PanzerDragoo, 防疫中心改造謠中心比較符合,BioNTech
dragon988, 就問一句紅衛兵造謠要不要罰啦,BioNTech
capser, https//youtu.be/GP2VFUtb2gQ,BioNTech
Suleiman, 快點進來啦 不是復必泰4%可是不打的,BioNTech
f396761440, http//i.imgur.com/nvDF6mY.jpg,BioNTech
dmc80, 說好的300萬,BioNTech
shpongle, 為了讓台灣人仇恨中國 什麼垃圾事都敢做,BioNTech
isxman, https//i.imgur.com/MAKQF3d.jpg,BioNTech
ivanos, 中國疫苗,BioNTech
dodobaho, 什麼 歐盟使用小粉紅疫苗,BioNTech
steven24205, 蟑螂崩潰,BioNTech
Motor, 丟臉丟到國外去了+1,BioNTech
payne, 連“initial”都不翻譯出來 就一堆人被帶風向 不愧是台灣人,BioNTech
xhung, 抹黑代理商 想跟原廠直購 但搞到原廠聲明這操作是在增加購買機會 還是破壞關係?,BioNTech
ivanos, 上海復興的中國疫苗,BioNTech
drmactt, 笑死真的是低能黨 還要編多少假消息？,BioNTech
ptychodera, 所以什麼時候要罰造謠仔300萬？,BioNTech
dido0208, 真的混淆視聽的假消息不澄清，澄清那種弱智都不會被騙的,BioNTech
jesulafe, Initial Supply? 所以在深圳分裝是真的嘍,BioNTech
g3sg1, 所以那些人什麼時候要處理,BioNTech
wulaw5566, 綠共直接惹到原廠，厲害了,BioNTech
skery3188, 歐盟大單 台灣只想costdown,BioNTech
trashpoking, 所以前幾天造謠的要不要查辦一下..,BioNTech
Fuuka, 綠色就可以搬弄是非？喔有黨證沒事,BioNTech
winky790718, 有人一直在說中國製的不用罰嗎？,BioNTech
Dia149, 不願回應,BioNTech
makemedicine, 丟臉,BioNTech
Dia149, 後面要聽到的是這個吧？是陳時中有問題還是德國在幫中國脫罪啊,BioNTech
cuteyimo, 我們知道他們在說謊，他們也知道自己在說謊..,BioNTech
Dia149, 所以證據拿出來啊email公布啊,BioNTech
ses2, 綠共標準示範做賊喊捉賊,BioNTech
iamtendollar, 說在中國製造的300萬呢？,BioNTech
LemonUrsus, XI presidency,BioNTech
ssnow815, 打臉了，臉綠了,BioNTech
moonchaser, 民進黨作假消息,BioNTech
qwqwaas, 民進黨因為政治因素連疫苗都要污衊，幹,BioNTech
ntusimmon, 垃圾資進黨立委 帶頭造謠 害人,BioNTech
DavidFoster, 有人敢罰德國BNT 300萬嗎,BioNTech
centralplace, 放謠言的立委要不要罰啦 幹,BioNTech
ok771105, 誰理你德國啊,BioNTech
gydiaw, 吉管家快澄清阿,BioNTech
bangjia, 那些造謠立委、公視上造謠的？通通發300萬到1億吧，台灣有這些人真的是爛,BioNTech
visviva, 哈哈哈哈哈哈,BioNTech
herikocat, 綠共要不要出來說認知作戰,BioNTech
chch2011, 側翼放的假消息 怎麼疾管家靜悄悄,BioNTech
s7503228, 玩遊戲：幹這黑橘代理的我才不玩討疫苗：中國只是代理哪有差？,BioNTech
bangjia, 我等著看那些綠色民代掏錢出來繳罰款啦，別想裝死。一人一訊息檢舉起來，把事鬧大。造謠的都是民進黨的,BioNTech
daimou, 德國原廠罰300萬啦,BioNTech
heshe, 德國製造原液，分裝也是在德國嗎？還是到中國分裝,BioNTech
luelue, 丟臉 該罰三百萬吧,BioNTech
tsaodin0220, 好的 中共同路人,BioNTech
looks143895, 那些綠媒  綠委 要不要罰300萬？,BioNTech
god890529, 辣雞藍綠出來講,BioNTech
gin10791, 助理噩夢出來講啊幹,BioNTech
cloudpart2, 政府假消息如何自罰？,BioNTech
yori5566, 德國直接送過來可以，先送去中國再轉送,BioNTech
x747, 綠鬼真丟臉,BioNTech
visviva, 比假網站多人關注的假消息,BioNTech
yori5566, 過來我不行,BioNTech
f30607, 造謠狗官滾出來啊操你媽的,BioNTech
herikocat, 還有人在扯分裝,BioNTech
JoeGibsonJr, [協尋] 疾管家假消息澄清文,BioNTech
seifer007, 申請很難嗎？,BioNTech
p7837302, 笑死 被廠商打臉,BioNTech
tom8756, 推，在疫情爆發後，DPP還不斷洗BNT是中國製的，太噁心了,BioNTech
steven24205, 垃圾綠共假新聞製造機,BioNTech
nicolasptt, initial看不懂？,BioNTech
shigela, 日本給az就手比愛心，上海給bnt就噁心統戰？？？,BioNTech
f396761440, 扯分裝的側翼，你當做是吉克脊髓液嗎？,BioNTech
godog, 推,BioNTech
nicky51, 德國人一定覺得台灣人智缺,BioNTech
a2156700, 有國慘疫苗好嗎,BioNTech
herikocat, 噁心之島 只要是綠色 怎亂搞都沒差,BioNTech
hunck, 造謠是要護航誰還是股票買滿滿,BioNTech
orangelin76, 真的丟臉 垃圾政府,BioNTech
ckf978, 疾管家：什麼？沒聽到,BioNTech
plokm1221, 我是中壢人粉絲頁到底什麼時候會被關阿每天散布假消息,BioNTech
milkypine, 假消息要不要罰？,BioNTech
JoeGibsonJr, 我只中壢人從剛創粉絲團就覺得這個怪怪的,BioNTech
ivanos, 上海復星不來申請，顯然有鬼,BioNTech
tactics2100, 連拜登都敢抹了 哪會怕你小小藥廠,BioNTech
Ferrero0212, 綠共叫不醒啦,BioNTech
neobasara, 疾管家還不快澄清是德國製,BioNTech
netboy789, 無聊，莫德納都來了，誰還期待BNT,BioNTech
Asucks, 綠共蟑螂丟臉丟到國外去，可憐吶~~,BioNTech
yuhsinkuo, 噗～舉全政府之力製造假訊息，可恥！,BioNTech
darkholy, 造謠大師都是綠色信徒,BioNTech
chungj, 德國製造 中國合作,BioNTech
n61208, 感謝林醫師、林委員各貢獻300萬,BioNTech
waldo870, 去年新聞寫買到輝瑞，為啥疫苗不見了？？？？,BioNTech
qoo4628802, 他媽的講中國製造的綠共抓來罰三百啦,BioNTech
riukosan, 綠粉=韓粉=無腦,BioNTech
waldo870, 有沒有人做懶人包？,BioNTech
tactics2100, As都直接代工了 吱蟑打得很高興AZ*,BioNTech
monkey6, 可憐啊，這些人該罰3000萬,BioNTech
NCUkeyman, 政治凌駕一切,BioNTech
tailao789, 散佈假消息，垃圾民進黨快罰啊。還是是你叫他出來散佈的？,BioNTech
cheng399, http//i.imgur.com/x76P443.jpg,BioNTech
bon362, 德國BNT是中共同路人,BioNTech
notfound0407, 都說是統戰疑慮了 不要討論啦免得被,BioNTech
s175, 蔡培慧要抓了吧,BioNTech
bon362, 德國BNT散布假消息，重罰300萬,BioNTech
sleepmilk, 支持BNT提告造謠者。,BioNTech
Galm, 三百萬,BioNTech
ding0725, 操你的疾管家這時候躲起來了是不是,BioNTech
kiergh, 中共同路人 中共疫苗 中共的暗樁 可惡至極,BioNTech
richard42, 說BNT是中國製的就是小英總統啊,BioNTech
cheng399, 我真的不曉得說什麼，現在300萬都不用怕的,BioNTech
tvxqsun123, 奇怪了 一堆造謠綠共不用罰三百萬喔,BioNTech
songjunhong, 造謠搞得我好亂,BioNTech
zxp9505007, 德國人這島上住的是什麼呼呼嘿嘿?,BioNTech
cheng399, 然後蔻訊可以發，但你小市民不準講隔壁中獎,BioNTech
playtrunk, 你德國BNT有國衛院研究員專業嗎？,BioNTech
Andebull, 我還記得之前一直有新聞說中國疫苗如何~,BioNTech
FIFI8488, 被抓包打臉 有夠丟臉,BioNTech
Andebull, 如何的不好，原來是德國疫苗防禦差@[email protected],BioNTech
ping2000, 沒用啦 澄清完這個還是跟你扯是不是分裝,BioNTech
FIFI8488, 國際打臉阿 這是假消息,BioNTech
tnnua, 德國製造 中國生產 不衝突,BioNTech
nzej723yyip, 蟑螂丟臉到歪頭,BioNTech
syr0909, 所以沒有不想買啊，就是破局，這就是會隨時變化的現實國際情勢，立法委員和名嘴大的話聽聽就好，一堆人幹嘛跟著興風作浪.....,BioNTech
tmuaircat, 拜託總統思老母快訂MRNA BNTX CVAC疫苗,BioNTech
cheng399, 我到現在還沒查到是不是中國分裝，但圖已經傳兩天了,BioNTech
r250fx, 跨海提告，告死那群垃圾,BioNTech
bewritten, 笑你不敢罰,BioNTech
duck9903, 民進黨丟臉丟到國際,BioNTech
max1019, CDC每天澄清的假消息 我一個都沒看過 到,BioNTech
B9702115, 被打臉了 哈哈,BioNTech
max1019, 底是誰有問題,BioNTech
EulerFormula, 蟑螂被打到噴汁 嘔嘔嘔嘔嘔,BioNTech
whyuan, 為什麼不申請啊,BioNTech
rudy30832, 造謠要300還是1E：）？,BioNTech
lopas, 蟑螂直接忽略這一篇啦 裝睡的叫不醒,BioNTech
mycin, 綠蛆其實是綠共，廢物,BioNTech
aiam, 廢物覺青自己拿假消息洗了一個多禮拜還好意思講說疫苗之亂,BioNTech
Hsinxyzzyx, 丟臉到德國,BioNTech
lynchen, 疾管家不澄清嗎？哈哈哈,BioNTech
yshsuken, 說中國疫苗的通通開罰300萬啦！,BioNTech
waldo870, 臨時通知簽約時程延後，那延後後續衛福部沒有喬簽約？？？？？後續呢？,BioNTech
LtoM722, 再說中國疫苗啊，這些人真的是..,BioNTech
waldo870, 談好的最終合約版本，延後就不簽？？,BioNTech
Absioute, 側翼蟑螂繼續耍智障阿 別再讓台灣丟臉了,BioNTech
cheng399, http//i.imgur.com/6le4Ru7.jpg,BioNTech
YJJ, initial supply,BioNTech
benting, 丟臉死了,BioNTech
hunck, 自己人不用罰300價值不夠的該罰,BioNTech
ELV420, 政府要罰德國原廠嗎,BioNTech
visviva, 林穎孟還在凹分裝，文組就是文組，白癡,BioNTech
mono1023, 政府自罰300w,BioNTech
canis831025, 到底為什麼還在吵…總代理看不懂？,BioNTech
ray0119, 賣東西一堆毛對方還賣？,BioNTech
Rong13, 假消息要罰錢了吧,BioNTech
beergap, 臺灣有民進黨真的有夠丟臉,BioNTech
divx999, 所以哪些造謠民代到底罰不罰,BioNTech
needmmmoney, 那些說中國做的要不要罰300萬啊 阿忘記他們有黨證,BioNTech
dazzzlee, BNT某東南亞糞島有完沒完 滾去打自產疫苗好嗎,BioNTech
thomaschion, 德國一定是中共同路人,BioNTech
dunkyou, 現在要說其實德國早就被中共滲透了嗎?,BioNTech
SMG2016, 綠蟑螂當沒看到,BioNTech
jlincredible, 300萬要不要罰 不要雙標,BioNTech
flowersuger, 一堆造謠的不抓！噁爛DPP,BioNTech
jkreg, 不也證明支那製問題多到世界認證嗎,BioNTech
KuaKuaGi, 敢不敢罰？,BioNTech
kevin8203, 綠X真是喪心病狂 糟糕透頂,BioNTech
ray10133, 黨說你中國製造就中國製造 講一堆幹嘛！是不是欠罰一億,BioNTech
longman999, 感謝德國BNT斗內300萬,BioNTech
kujoukk, 聯合的新聞能信？,BioNTech
foxey, 乳滑囉,BioNTech
lumia1120, 打臉台灣政府官員（這巴掌好響,BioNTech
baekbin, 蟑螂該被罰了吧,BioNTech
hoohjoe, initial?,BioNTech
doremi7079, 講真300萬何時要罰,BioNTech
oneIneed, 打臉,BioNTech
jay0215, 灣灣之光！,BioNTech
jku0725, 散播假消息的不用抓嗎？,BioNTech
franzos, 垃圾綠共存心一直抹屎 希望對方封鎖黑單,BioNTech
kopi57889, 丟臉,BioNTech
Brioni, 耍猴戲全世界都看見惹,BioNTech
pounil, 幹拎老師 帶頭造謠然後在那邊說注意假消息,BioNTech
canyou2012, 狂洗欸,BioNTech
markloss, 蔡培慧現在跑哪去了？,BioNTech
pounil, 這資進黨真夠無恥,BioNTech
chillybreeze, 造遙的黨政高層要罰三百萬,BioNTech
qweertyui891, 側翼是不是全部300萬?,BioNTech
summer929, 造謠不是要罰300萬嗎，那個製圖快抓出,BioNTech
zx110011, 造謠罰…啊 自己人就算惹,BioNTech
summer929, 來阿,BioNTech
nicky51, 如果沒罰這些造謠陸製的三百萬，去死,BioNTech
pounil, 垃圾黨還不罰那些造謠的 充實國庫啊,BioNTech
linesa, 假消息立委要不要罰啦幹,BioNTech
rhodo, 餵符部長兼疫情指揮官講話跟愛嚼舌根的三姑六婆一樣真的很丟臉,BioNTech
BIGETC, 現在連原廠都要抹黑成中共同路人對吧蟑螂看平民一直死 還在幫垃圾dpp帶風向,BioNTech
seou, 綠共仔下地獄,BioNTech
universe1126, 執政黨帶頭造謠,BioNTech
theclgy2001, 泛綠一個人都不知道有幾十張高端股票了 賺二十倍了還想賺 噁心,BioNTech
mark861121, 為什麼中央一直這麼愛國產疫苗呢ㄏㄏ,BioNTech
ejo8230c, 民進黨政府老雙標了 怎麼可能開罰吱已,BioNTech
redumbrella, 那個誰要罰三百萬了沒啦幹,BioNTech
BIGETC, 綠共要不要罰你的大蟑螂,BioNTech
aa2425, 歡迎廠商來告 告死那些廢物,BioNTech
zxzx309, 本來就是德國製造呀，有問題的那一批是本來就是德國製造呀，有問題的那一批是,BioNTech
FiveSix911, 叭叭！中共同路人！,BioNTech
dakulake, 支那五毛要高潮了http//i.imgur.com/RjzRHyK.jpghttp//i.imgur.com/YSCtVnp.jpg,BioNTech
DanJill, 全世界都知道，就只有台灣綠吱不知道,BioNTech
lws0527, 啪啪啪，噁心綠共,BioNTech
dnek, 又得罪德國人了，這就是民進黨的外交,BioNTech
adely, 放假消息放到國外去 丟臉到家,BioNTech
nobeldd, 只示範一次 詐騙進步黨,BioNTech
gourmand, 讓德國見識一下綠色共產黨大內宣的厲害,BioNTech
kobe5566183, …,BioNTech
littlex2, 致信詢問BNT，這才是記者該做的事，推一個最後一段耐人尋味啊~ 大家怎麼看,BioNTech
qqq5890003, 低端政客又被打臉,BioNTech
littlex2, 疾管家不澄清一下嗎,BioNTech
PonBu, 最後一段和陳時中當初說的有出入阿?,BioNTech
missguitarwi, 告死造謠綠委跟綠媒,BioNTech
fantastic96, 蟑螂罰300萬啊,BioNTech
SSS120329, 丟臉,BioNTech
JRSmith, 來自德國的認知作戰,BioNTech
Latokos, 看好了世界，台灣只示範好幾次如何丟臉到全世界,BioNTech
chungj, 奇摩新聞ptt八卦分部,BioNTech
ciafbi007, 吉管家不吉嗎,BioNTech
qkevin11, 壹新聞 上看到某房客立委還在亂講,BioNTech
albert7617, 查無不法 謝謝指教,BioNTech
james5566, 自演乙吉管家怎不澄清綠營造謠抹黑BNT啊 果然就是該刪除掉的垃圾app,BioNTech
Cecicly, 沒用了 台灣還是很多智障不知道,BioNTech
Nevhir, 抹黑人家 丟臉丟到全世界,BioNTech
Boris945, 嚴辦這些畜牲,BioNTech
blastillocal, 笑死，我們真的被當小狗欸,BioNTech
er84207878, 蟑螂每個都閉嘴了 不是很會酸BNT,BioNTech
aribaba0814, 300,BioNTech
kimky, 要當凱子被薛一波了嗎～～,BioNTech
tttkkk, https//bit.ly/3vvQfxe,BioNTech
SimleToMe, 政府無法無天了嗎 謊言不斷 出門不怕被車撞死嗎,BioNTech
ShangLai, 推,BioNTech
QBey, errrrrrr,BioNTech
s820912gmail, 反觀台灣,BioNTech
kaky, 認知作戰,BioNTech
Vett, bnt全部都是在美國生產的...,BioNTech
i376ers, 新加坡也是中共同路人,BioNTech
tmuaircat, 他們還跟ARCT做研究啊 台灣快跟上,BioNTech
KangSuat, 可粘阿 你台灣木有人才 都是人__ 呵呵,BioNTech
alex8725, 可能1450自己想打柯興吧 眼裡只有柯興,BioNTech
xzcb2008, 沒遠見 不來台灣你會後悔,BioNTech
Yude0109, 台灣不是東南亞,BioNTech
KangSuat, 台灣人的素質怎麼都拉不上來 好奇怪,BioNTech
poisonB, 台灣人寧願病死也不願意向中資下跪,BioNTech
NCUking, https//i.imgur.com/LbhhINo.jpg,BioNTech
dias7812, BNT認證被中國惡搞QQ,BioNTech
danic, 台灣政治掛帥,BioNTech
ju06080719, 反觀～,BioNTech
michaelwu, 反正不是Errr男台灣,BioNTech
paphos, 意思是之前台灣對口罩禁止出口是不利廠商選擇台灣的原因之一嗎？,BioNTech
longyin, 因為新加坡去年很早就斥巨資入股BNT了，跟上海復星以及輝瑞是一樣的。就是何晶入的股民進黨政府去年一年，關於疫苗，什麼提前準備都沒做。,BioNTech
loveponpon, 台灣搞了一年 還在勤洗手 戴口罩,BioNTech
polestar0505, Taiwan can help,BioNTech
loveponpon, 原來去年世界各國都在參股國際疫苗大廠就只有我們在大內宣還沾沾自喜 難怪現在被當笑柄,BioNTech
whiteadam, 反觀,BioNTech
firelin, 台灣help???,BioNTech
RustyNail, 疫苗問題去年就有人點出了  就政府還在睡啊～,BioNTech
angraer, 別再肖想bnt了 從王定宇的文跟覺青側翼的風向來看，bnt已經被定調是中國疫苗了,BioNTech
wowisgood, 台灣會外包再外包 各種分油水,BioNTech
alex00089, 台灣藥廠外國不信啊,BioNTech
sakidiforld, heeheehee,BioNTech
calmerrorans, 管你在哪，中國都不行啦,BioNTech
leon1757tw, 反觀台灣 除了送口罩還能幹嘛？,BioNTech
jailkobe5566, 這不是DPP看不起的鼻屎國嗎?,BioNTech
tingover, 台灣有阿推國產阿 你各位再等等七月底..,BioNTech
clovergirl, bnt 我可以,BioNTech
yurikim, 臺灣就沒有要爭取是在…連BNT疫苗都沒要買了來這設廠…,BioNTech
kenned, 我們技術比不上人家  也沒接洽設廠  幹幹,BioNTech
mintale4867, 我是覺得要罵要羞辱人家到時候就...不要在那說人家不幫你什麼的=_=,BioNTech
takeda3234, 台灣要國產好棒棒啦,BioNTech
LinkMiguel, good show,BioNTech
boss88893,     擋人財路啊,BioNTech
zip00000, 台灣是連az都不要好嗎！只想慢慢國產而,BioNTech
BaRanKa, 羨慕日本南韓新加,BioNTech
ElsaKing, 過去一整年什麼備案都沒有 在職場這樣的經理人會被fire吧 然後現在完全不會反省,BioNTech
ohohamy, 東南亞跟我們沒有關係,BioNTech
polarfox, 台灣太多智障討論事情都要扯大陸，難怪人家不來,BioNTech
cvb123456789, 台灣政治角力 這水太深 外國人不會想淌這渾水,BioNTech
jehow, 台灣有高端 你BNT想來也不會給的 只會被抹,BioNTech
christos1989, 居然沒把TAIWAN CAN HELP 放在眼裡,BioNTech
foxey, 台灣唷? 看到以前宇昌之類的殺法誰還敢來,BioNTech
JT0624, 星國做事透明、遵守國際規範，不會有疫苗保護主義,BioNTech
foxey, 不管誰來都被另一邊的獵巫釘十字架啦,BioNTech
KUMA2016, 台灣擺明政策性養高端，在商言商，誰會肯進來,BioNTech
visviva, #吳大力尾,BioNTech
auxiliary11, 激進要出征德國了嗎?,BioNTech
tatlacz, 是不是中國也設廠惹,BioNTech
u9005205, 噗！怎麼不設在中國…,BioNTech
angraer, 不用羨慕了 這間公司現在已經被抹成中共同路人了XD買不到就先抹紅再說,BioNTech
centra, 健保搞到醫療廠都跑光了 應該沒人想來台灣,BioNTech
miracle210, 有高端阿 你忘拉?,BioNTech
silver0314, 因為你不是聯合國認可的主權獨立國家 懂?,BioNTech
amilkamilk, 因為蔡英文只會網軍治國，草包一個,BioNTech
AustinRivers, QQ想到當初口罩廠的故事....,BioNTech
bnb89225, 黨相信黨,BioNTech
laihom0808, 又是上海復星，不會買啦,BioNTech
s6525480, 中時 保留意見,BioNTech
AustinRivers, 真的此一時彼一時,BioNTech
pv, 要花兩年 先騙錢再說 XD,BioNTech
Gandalf, 我們有自己的疫苗,BioNTech
tsuyoshi2501, 島國明明可以用g排店來討價還價的，結果自己打爛一手好牌,BioNTech
u9005205, 不然，設在馬來西亞新山也比較便宜…,BioNTech
lionghe, 你是不是中共同路人…,BioNTech
u304027, 新加坡的製藥產業鏈蠻強的，不意外,BioNTech
centra, 而且民進黨擺明要扶植自己廠商 傻了才來台灣,BioNTech
s9234032, 台灣超前部屬,BioNTech
u9005205, 新加坡設行政分公司可以理解，工廠？,BioNTech
blueseal, 有”有政府，好安心”,BioNTech
wonder007, 不會買啦 垃圾中國疫苗,BioNTech
centra, 台灣只有半導體產業有聚落優勢而已,BioNTech
susanmm, 打疫苗是唯一解，我們需要安全的疫苗,BioNTech
uplove, https//xw.qq.com/amphtml/20210510A009TM00,BioNTech
tfct, 在上海打不到上海復興 可笑,BioNTech
kll95, 台灣有國苗國造阿,BioNTech
faye112358, Errrr被超前了,BioNTech
littenVenus, 人家才是超前部署,BioNTech
centra, 復必泰效果就事論事就好 也不用大陸產就貼標籤啦,BioNTech
madeinheaven, 是BioNTech設廠 並不是輝瑞設廠,BioNTech
ghostdx, 臺灣有採購法 圖利廠商會抓人去關,BioNTech
u9005205, 所以要收澳洲和東南亞的人體試驗…,BioNTech
abyssa1, 2023也太久,BioNTech
deepdish, 哈哈哈 認知作戰又來 連設廠都可以搞混,BioNTech
mijiu, 2023 ...?,BioNTech
wohtp, 新加坡國家補助不手軟，成本絕對不會是問題啦。台灣人應該不能想像新加坡政府是怎麼運用稅金的。,BioNTech
kaolla, 新加坡是國際承認的國家，中共也沒也在國際打壓他們。,BioNTech
lionsss, 打上海復興是什麼東東啦？腦袋還好吧？,BioNTech
fenix220, 因為是支那小老弟啊,BioNTech
rial, 不是輝瑞,BioNTech
abyssa1, 台灣哪個官員敢簽這種約應該會被抓去關吧？,BioNTech
BlowjobFace, 你問隔壁流氓啊,BioNTech
saintW, 新加坡可是幾家國際大藥廠都有設工廠的地方，不管是稅收政策還是人才方面都完虐台灣。台灣要檢討的是為啥國際藥廠寧願在新加坡跟中國設廠也不願意來台灣，比上比下都不足。,BioNTech
Sinkage, 喔,BioNTech
fraternity, 2年喔？那不關我們的事了,BioNTech
supisces, 第一段就寫到新加坡不只是行政總部，還生產疫苗和藥物,BioNTech
Kaids, 逼嗯梯第一波當然要自己先賺飽，2023有什麼好奇怪？許多專家預測武肺流感化，到時候2023你台人又要哭一次了。,BioNTech
cobrasgo, 民進黨口中的鼻屎國啊…,BioNTech
jojomaan, 最後一段不就是要在中國設合資工廠，有人看不懂字是嗎,BioNTech
gliga, 最快2023年,BioNTech
aribaba0814, 以藥廠來說 新加坡好太多啊,BioNTech
tatlacz, 新加坡政府大力支持 還有語言優勢,BioNTech
tgbkkk, 誒要花兩年耶....台灣刁民現在就要打,BioNTech
BJ0912, 台灣韭菜只能等國產,BioNTech
ULSHAN, 反正那些選民不痛不癢管他們去死,BioNTech
pttislife, 因為新加坡沒有民進黨,BioNTech
ksjr, 之後在亞洲韓國生產默德納 新加坡生產逼恩踢 台灣國國產嘻嘻,BioNTech
twhuang28, 台灣：輪流停電，大家一起出來扛,BioNTech
newstyle, 綠共犧牲人命保全自己的政治生命,BioNTech
happyblack, 因為德國把台灣畫在中國，所以台灣疫苗代理才在中國,BioNTech
koehie, 跟美國和德國政府談判呀 晶片換疫苗,BioNTech
alcpeon911, 覺青：鼻屎國,BioNTech
villagemen, 菸糞蟑螂：errrrr,BioNTech
